trial,frame_idx,gamma,selected_indices,mIoU,mAP,diversity,avg_similarity_to_current,avg_quality,quality_std,selected_similarity_std,diversity_bin
0,0,-3.0,[238 266 193 289 223 211 263 196 262 226],0.0,0.0,-3.554289156540092,-0.23887760450466988,2.053722840813726,0.5345575463987835,0.025863746629001323,"(-3.886, -2.71]"
0,0,-2.5,[238 193 266 289 223 211 444 263 196 262],0.0,0.0,-3.0687585821527112,-0.23071579929510255,1.7889561101933797,0.4680064590812596,0.040014500628566596,"(-3.886, -2.71]"
0,0,-2.0,[238 193 289 266 211 444 223 263 196 262],0.0,0.0,-3.0687585821527117,-0.23071579929510255,1.591300047899098,0.4000329200825121,0.040014500628566596,"(-3.886, -2.71]"
0,0,-1.5,[238 193 289 266 444 211 214 262 196 256],0.010183382032857083,0.009165043829571375,-2.8211655784338046,-0.2229470305462296,1.39978279560694,0.32643065387782116,0.041245674013872316,"(-3.886, -2.71]"
0,0,-1.0,[238 193 289 444 266 331 211 214 262 256],0.0,0.0,-2.347009522159908,-0.20566100568893533,1.2310864776143433,0.24132286795544336,0.06774993140630735,"(-2.71, -2.195]"
0,0,-0.8,[238 193 444 289 331 266 268 214 162 211],0.0,0.0,-2.1968715988573155,-0.19893863518735364,1.1743181986945188,0.2023046935168186,0.06982387090666119,"(-2.71, -2.195]"
0,0,-0.6000000000000001,[238 193 444 262 331 214 266 256 447 278],0.0638264847991207,0.05744383631920864,-1.8983393326541025,-0.1788592133788214,1.1144075733847536,0.15949048523278198,0.07512052149508493,"(-2.195, -1.743]"
0,0,-0.4,[238 193 444 331 262 278 447 355 214 198],0.06004644979085094,0.05404180481176585,-1.4851880316352495,-0.13353296684363342,1.0556282594125503,0.1121126328503892,0.09529842491807068,"(-1.493, -0.943]"
0,0,-0.19999999999999996,[238 193 489 331 295 378 250 403 135 302],0.022917755225339512,0.020625979702805563,-1.389338813537042,-0.09595063277422891,1.0195718516208738,0.05928799282074426,0.09799832177496443,"(-1.493, -0.943]"
0,0,0.0,[116 338  23 479 230 246 355  60 137 121],0.2686193703917916,0.24175743335261246,-0.9431747774991455,0.10876226038675788,1.0,0.0,0.3088611555570368,"(-1.493, -0.943]"
0,0,0.19999999999999996,[ 16 390 454 200 134   4  64 364  57 459],0.449956083931665,0.4049604755384985,-1.4617577444459786,0.34390995595838053,1.0731722781277597,0.0669220839347524,0.30221164221003616,"(-1.493, -0.943]"
0,0,0.40000000000000013,[ 16  63  76 327 485  19  27  92  72 104],0.45752659273547214,0.4117739334619249,-2.8788842961392582,0.5488307459122594,1.2515929334899556,0.14282726640871576,0.2515057575917655,"(-3.886, -2.71]"
0,0,0.6000000000000001,[16 63 76 72 92 55 42 45 19 57],0.3411996952595769,0.3070797257336192,-4.3383819406013036,0.698702055926502,1.521266142075794,0.2292708200514027,0.042078112512732954,"(-4.939, -3.886]"
0,0,0.8,[16 63 76 72 55 92 42 45 48 19],0.225161714924638,0.2026455434321742,-4.418589160643655,0.7043879568401097,1.7577550203974777,0.32804682081733755,0.04037833077780215,"(-4.939, -3.886]"
0,0,1.0,[16 63 76 72 55 53 92 45 48 95],0.21916892301296165,0.1972520307116655,-4.602581399944111,0.7136806628280304,2.0426773204737665,0.44122596939135966,0.03382798124423093,"(-4.939, -3.886]"
0,0,1.5,[16 49 58 36  0 13 66 69 39 87],0.21032711738402898,0.18929440564562608,-5.515900866336127,0.7498573630151091,3.082933738746898,0.8038095301728547,0.031347907576875354,"(-5.957, -4.939]"
0,0,2.0,[16 49  0 36 58 13 69 32 81 70],0.15904685119225323,0.1431421660730279,-5.971233195428231,0.7637923058284065,4.611188849038055,1.3211883274860654,0.02125957464609517,"(-6.413, -5.957]"
0,0,2.5,[16 49  0 36 58 32 69 81 35 39],0.2130704164054615,0.19176337476491537,-6.189874110399876,0.7692880301070265,6.850127386668467,2.063626810786287,0.01836216900502968,"(-6.413, -5.957]"
0,0,3.0,[16 49 34 32 97  0 35 61 86 58],0.1319932986594014,0.11879396879346127,-6.604729569253978,0.7769631141170026,10.29842945851254,3.1325117909646445,0.015780007642195837,"(-6.891, -6.413]"
0,0,4.0,[16 49 97 32 34 35 86 61 81  0],0.09561450646120705,0.08605305581508635,-6.8563947402331795,0.7809892553645876,22.754963197938288,6.9015144287057835,0.010210654251753755,"(-6.891, -6.413]"
0,0,6.0,[16 89 32 81 86 35 61 34 49 97],0.22589304746228603,0.20330374271605742,-7.234661250371152,0.7845652973207257,110.85969442844416,31.299198175239813,0.006933080207445407,"(-7.3950000000000005, -6.891]"
0,0,8.0,[16 89 86 81 35 32 61 97 49 34],0.14132179399188144,0.1271896145926933,-7.234661250371152,0.7845652973207258,532.7649809952559,139.22969046173097,0.006933080207445406,"(-7.3950000000000005, -6.891]"
0,0,10.0,[16 89 86 81 35 32 61 97 49 34],0.1559870192506044,0.14038831732554397,-7.234661250371152,0.7845652973207258,2560.85138943149,621.6484433876931,0.006933080207445406,"(-7.3950000000000005, -6.891]"
0,0,15.0,[16 89 86 97 35 61 81 73 49 34],0.07671559525889883,0.06904403573300895,-7.3938000076262895,0.7852413288374676,131014.58733104123,27181.66970671798,0.006180045753779456,"(-7.3950000000000005, -6.891]"
0,0,20.0,[16 89 86 97 35 61 81 73 49 34],0.12073386834331254,0.10866048150898129,-7.3938000076262895,0.7852413288374676,6667888.704460502,1247011.5341628254,0.006180045753779456,"(-7.3950000000000005, -6.891]"
0,1,-3.0,[ 83 324 234  47 246  55  64 370  93  56],0.0,0.0,-3.1192712736642747,-0.1819749264503556,1.7319085287121356,0.4600844307229731,0.02696306775679683,"(-3.886, -2.71]"
0,1,-2.5,[ 83 324 234  47 246  55 370  64  93 359],0.0,0.0,-2.7844387423947468,-0.1757682092500597,1.5572061246546396,0.4124539960511779,0.033346339563994666,"(-3.886, -2.71]"
0,1,-2.0,[ 83 324 234  47 246 372  55  64 359  19],0.0,0.0,-2.4861352094676583,-0.17023703273410237,1.4097947915235856,0.3600905065563289,0.03858497622200899,"(-2.71, -2.195]"
0,1,-1.5,[ 83 324 234 246  55 372  19 359  64   1],0.0,0.0,-2.1615967734975663,-0.16164140142371872,1.2762210536781846,0.2992494186389361,0.03571634107112518,"(-2.195, -1.743]"
0,1,-1.0,[ 83 324 234 372 246  19 480  55 359   1],0.0,0.0,-1.6906424432900806,-0.14429952091483264,1.1570935417571007,0.22458743261700148,0.0572752287916296,"(-1.743, -1.493]"
0,1,-0.8,[ 83 324 234 372 246  19 480 359  55   1],0.0,0.0,-1.6906424432900806,-0.14429952091483264,1.1235291473054378,0.18924024044521323,0.0572752287916296,"(-1.743, -1.493]"
0,1,-0.6000000000000001,[ 83 324 234 372 480 246  19 359  52 329],0.111698916344139,0.1005290247097251,-1.5466177320568537,-0.1339015066455273,1.0843551755115517,0.14987785568665116,0.06001043890563952,"(-1.743, -1.493]"
0,1,-0.4,[ 83 324 234 480 372 246  19 359   9  27],0.02010883373300553,0.01809795035970498,-1.5251747786327459,-0.13222037116170798,1.0546245309366347,0.10578672497525878,0.06099814946393228,"(-1.743, -1.493]"
0,1,-0.19999999999999996,[ 83 324 234 480 372 246  75 414 359   9],0.0,0.0,-1.3802842187534994,-0.10779328738797393,1.0219290521775672,0.05614386247482984,0.0817664263628262,"(-1.493, -0.943]"
0,1,0.0,[116 338  23 479 230 246 355  60 137 121],0.37756546855774054,0.33980892170196647,-0.9431747774991455,0.19258166041939123,1.0,0.0,0.3095839531295971,"(-1.493, -0.943]"
0,1,0.19999999999999996,[193 451 221 361 198  79 186 178 340 121],0.4484551921231369,0.4036096729108232,-1.6153232882791566,0.40505019340890297,1.086165841629768,0.06373991302471925,0.2867952447103725,"(-1.743, -1.493]"
0,1,0.40000000000000013,[193 198 186 451 121 178 221 168 161 135],0.48884604310388974,0.43996143879350075,-2.696704276329025,0.5741497172424955,1.2616723769251361,0.13633929035981748,0.18930011824405182,"(-2.71, -2.195]"
0,1,0.6000000000000001,[193 134 168 135 121 114 178 161 155 119],0.28918277016427296,0.26026449314784567,-3.641661958742666,0.6614094254036658,1.4882222075555795,0.21925606953085464,0.0634254649364286,"(-3.886, -2.71]"
0,1,0.8,[193 134 144 163 155 178 121 133 104 154],0.2609617342901281,0.2348655608611153,-4.314765462294779,0.7012654215867442,1.753981038520465,0.3141730302582818,0.0521474866451102,"(-4.939, -3.886]"
0,1,1.0,[193 134 144 163 155 183 104 157 154 133],0.30922429415458685,0.27830186473912816,-4.633649703455532,0.7185726490411366,2.053307070870349,0.4230329402275742,0.04170023932149956,"(-4.939, -3.886]"
0,1,1.5,[193 134 192 165 171 167 152 179 125 187],0.2878224643472374,0.2590402179125137,-5.386222413454287,0.7420156799381703,3.0472343468064205,0.771775796654477,0.03265993817074355,"(-5.957, -4.939]"
0,1,2.0,[193 134 165 192 171 167 146 120 147 170],0.22042303890048306,0.19838073501043477,-6.0249600990447085,0.7604791301997466,4.582944335968517,1.2683921574118204,0.02615942044496095,"(-6.413, -5.957]"
0,1,2.5,[193 170 194 138 165 111 120 116 147 100],0.20502901588279196,0.18452611429451277,-6.038570082035162,0.7610692031067899,6.717650184191048,1.9786146776301112,0.025530862742684502,"(-6.413, -5.957]"
0,1,3.0,[193 170 194 165 138 111 120 116 118 100],0.17893188910402485,0.16103870019362237,-6.386880966294721,0.7674521328708466,10.022534863012561,2.9970254694579186,0.023320150639545043,"(-6.413, -5.957]"
0,1,4.0,[193 170 153 146 165 111 118 134 171 120],0.10149840204709232,0.09134856184238309,-6.777468896042841,0.774682690482614,22.25134018254915,6.563896676059639,0.02134049812356545,"(-6.891, -6.413]"
0,1,6.0,[193 170 153 165 118 146 111 183 134 109],0.13705964806068943,0.1233536832546205,-6.853376844843812,0.7750386151118716,105.45494988266046,29.337338949558188,0.021036797125395832,"(-6.891, -6.413]"
0,1,8.0,[193 170 153 118 165 146 111 183 109 120],0.14486534469827664,0.13037881022844897,-7.009466435908438,0.7760630309318483,503.3626488532407,128.61477676087083,0.019807784321565925,"(-7.3950000000000005, -6.891]"
0,1,10.0,[193 170 153 118 165 146 111 183 109 120],0.2207533945572118,0.1986780551014906,-7.009466435908438,0.7760630309318483,2393.9970278332726,566.9410181129781,0.019807784321565925,"(-7.3950000000000005, -6.891]"
0,1,15.0,[193 170 153 118 165 146 111 109 120 189],0.18264387179821426,0.16437948461839283,-7.092435765065681,0.7763641179112921,119338.80766743023,24297.258879499957,0.019505535624607488,"(-7.3950000000000005, -6.891]"
0,1,20.0,[193 170 153 118 165 146 111 109 120 189],0.07731094955165449,0.06957985459648905,-7.092435765065681,0.7763641179112921,5995052.57301094,1116249.0085627579,0.019505535624607488,"(-7.3950000000000005, -6.891]"
0,2,-3.0,[  1 411   2 391  12 448  44 186 431  76],0.0,0.0,-2.6244397585360932,-0.23374231631625825,2.0299312023718654,0.5439461133049124,0.03920233125785823,"(-2.71, -2.195]"
0,2,-2.5,[  1 411   2 391 448  12 186  44 431   5],0.0,0.0,-2.425879638345737,-0.23009175256758035,1.7858803100718326,0.4753027085890278,0.03887967279362369,"(-2.71, -2.195]"
0,2,-2.0,[  1 411   2 391 448  12 186  44 431   5],0.0,0.0,-2.425879638345737,-0.23009175256758035,1.5891279875377706,0.4051430623642151,0.03887967279362369,"(-2.71, -2.195]"
0,2,-1.5,[  1 411 391   2 186 448  12  44 426   5],0.0,0.0,-2.3406047339725498,-0.22755063943801987,1.4093904221377989,0.3292370127351247,0.04040292285495592,"(-2.71, -2.195]"
0,2,-1.0,[  1 411 391 186   2 448  12 426 155  44],0.01780013776494574,0.016020123988451165,-2.034659950519698,-0.21509363444010976,1.241991868848577,0.24195399170212564,0.05734967550535651,"(-2.195, -1.743]"
0,2,-0.8,[  1 411 391 186   2 426  12 155 413 386],0.03598335082764201,0.03238501574487781,-1.6440777556267194,-0.1923819929245682,1.1682767283076538,0.20223336665784494,0.0714406153079538,"(-1.743, -1.493]"
0,2,-0.6000000000000001,[  1 411 391 186   2 413 155  12 386 426],0.0,0.0,-1.6440777556267197,-0.1923819929245682,1.123382376777641,0.1589059209455376,0.07144061530795381,"(-1.743, -1.493]"
0,2,-0.4,[  1 411 391 186   5 413 155 386  12 137],0.0,0.0,-1.4906227975712874,-0.17467061292090466,1.072851635783843,0.11129135240884597,0.07518496250803931,"(-1.493, -0.943]"
0,2,-0.19999999999999996,[  1 411 391 186 197  23 413 386 382 155],0.03817052714769183,0.034353474432922644,-1.361325932268997,-0.143397481983833,1.0292522697089443,0.05861622072876414,0.08746380915373159,"(-1.493, -0.943]"
0,2,0.0,[116 338  23 479 230 246 355  60 137 121],0.24107036911796215,0.21696333220616593,-0.9431747774991455,0.06199367910262109,1.0,0.0,0.2790555659293648,"(-1.493, -0.943]"
0,2,0.19999999999999996,[247 309 256 140 416  82 278 215 114 264],0.47166789590679337,0.42450110631611404,-1.543737953002759,0.37788407060588347,1.0805905348829528,0.0655610094884759,0.3109172348658031,"(-1.743, -1.493]"
0,2,0.40000000000000013,[247 256 226 269 233 309 140 262 254 255],0.47166164146966855,0.4244954773227017,-2.739707885899688,0.563909758364742,1.2573566013375121,0.13921224125866008,0.21148217295414293,"(-3.886, -2.71]"
0,2,0.6000000000000001,[247 256 226 233 269 253 262 255 284 268],0.3213418872505807,0.28920769852552264,-3.7563856288877124,0.6689200074889892,1.4945294616635896,0.22226227381809346,0.050418891032666564,"(-3.886, -2.71]"
0,2,0.8,[247 297 267 284 288 239 220 281 204 271],0.2969166400760255,0.26722497606842294,-3.9361181287869442,0.6840521477769389,1.7292360113914753,0.31620752826388704,0.03672575606921288,"(-4.939, -3.886]"
0,2,1.0,[247 297 272 274 266 284 255 221 278 281],0.3847240947280687,0.34625168525526184,-4.128185517767359,0.690491855963112,1.996418164987307,0.42276075222332243,0.04137409020142249,"(-4.939, -3.886]"
0,2,1.5,[247 297 272 274 279 265 228 222 206 276],0.3414786226785836,0.3073307604107252,-5.116503674292713,0.7284825644491962,2.9840915276205138,0.7578957696443498,0.022495473935841382,"(-5.957, -4.939]"
0,2,2.0,[247 297 286 279 222 274 299 298 273 201],0.2585312147859121,0.23267809330732092,-5.279387047802144,0.7346049989997079,4.351090338614183,1.2243243212698118,0.024709990288987113,"(-5.957, -4.939]"
0,2,2.5,[247 286 297 279 222 274 298 299 205 273],0.30971908808482845,0.2787471792763456,-5.331992800153515,0.7355225270148646,6.301193636513443,1.877750995286805,0.024954890768743482,"(-5.957, -4.939]"
0,2,3.0,[247 286 297 279 222 298 274 299 205 201],0.2643528894069853,0.2379176004662868,-5.590137440115682,0.740636646634879,9.239590799861972,2.797052945960012,0.018741083887710182,"(-5.957, -4.939]"
0,2,4.0,[247 286 298 279 222 276 274 228 205 299],0.2123310254436398,0.19109792289927582,-5.6128491484119465,0.7415704447089412,19.466703391218893,5.928032352371273,0.017311576487394075,"(-5.957, -4.939]"
0,2,6.0,[247 286 298 279 222 205 234 274 201 276],0.2511751072971118,0.22605759656740063,-5.877735286410866,0.7450120130699348,87.71428750143927,24.85863404279613,0.014805995534841403,"(-5.957, -4.939]"
0,2,8.0,[247 286 298 279 222 205 234 290 201 276],0.30330116208302993,0.2729710458747269,-6.058537947880348,0.7464267008038131,394.2764159084468,102.36196003762612,0.013028584055688217,"(-6.413, -5.957]"
0,2,10.0,[247 286 298 222 279 205 234 201 290 276],0.2246080318042339,0.20214722862381052,-6.058537947880348,0.746426700803813,1760.1593597965289,423.6719137936475,0.013028584055688217,"(-6.413, -5.957]"
0,2,15.0,[247 298 286 222 279 205 234 201 290 291],0.29955488691467286,0.26959939822320556,-6.2137646424359865,0.7470889275586341,74957.1448103935,15419.29126683628,0.012248573699197017,"(-6.413, -5.957]"
0,2,20.0,[247 298 286 205 279 234 222 201 290 291],0.0903354489194853,0.08130190402753677,-6.213764642435987,0.7470889275586341,3189167.0669719805,594831.644523179,0.012248573699197018,"(-6.413, -5.957]"
0,3,-3.0,[456 117 181 290  17 159 403 168 138 217],0.011652491438093236,0.010487242294283912,-2.5472949479612628,-0.15484998497738997,1.5991817864518936,0.4077513492553191,0.0328940056920078,"(-2.71, -2.195]"
0,3,-2.5,[456 117 290 181  17 159 403 168 217 138],0.0,0.0,-2.5472949479612623,-0.15484998497738997,1.4777915459894309,0.37094022866658133,0.0328940056920078,"(-2.71, -2.195]"
0,3,-2.0,[456 117 290 181  17 159 403 168 217 432],0.0,0.0,-2.1918791887830493,-0.1474714376501884,1.3467123026589187,0.32831314600759254,0.03666479147793163,"(-2.195, -1.743]"
0,3,-1.5,[456 117 290  17 181 432 159 168 217 403],0.0,0.0,-2.1918791887830493,-0.1474714376501884,1.249488492696837,0.2762303238801591,0.03666479147793163,"(-2.195, -1.743]"
0,3,-1.0,[456 117 258  17 181 211 432 103 143 403],0.0,0.0,-1.8595052022654586,-0.13354798015565592,1.1440283701509573,0.2095338608864461,0.04467895270789871,"(-2.195, -1.743]"
0,3,-0.8,[456 117 258  17 181 211 432 143 103 413],0.005201073953413574,0.004680966558072217,-1.7299097084875605,-0.1257517493373253,1.1067161629059195,0.17721669065234996,0.049663981571572625,"(-1.743, -1.493]"
0,3,-0.6000000000000001,[456 117 258  17 211 143 432 181 103 413],0.034040296920876525,0.030636267228788875,-1.72990970848756,-0.1257517493373253,1.0788522974279346,0.14083541273183525,0.049663981571572625,"(-1.743, -1.493]"
0,3,-0.4,[456 138 258  17 211 168 432 161 159   9],0.10196766086391879,0.09177089477752691,-1.5832420471694464,-0.11439458962776247,1.0471298139544316,0.09971176979501171,0.060796616173933456,"(-1.743, -1.493]"
0,3,-0.19999999999999996,[456 138 258  17 211 430 161 168   9 246],0.026750389309120767,0.02407535037820869,-1.4636376205844843,-0.08124847504018551,1.0165293490954608,0.05306571378361514,0.08503230742118502,"(-1.493, -0.943]"
0,3,0.0,[116 338  23 479 230 246 355  60 137 121],0.2644723733169396,0.23802513598524566,-0.9431747774991455,0.16515039340864787,1.0,0.0,0.2441903631881911,"(-1.493, -0.943]"
0,3,0.19999999999999996,[345  77 136 411 319 252 302 332  19 135],0.4395457157261472,0.39559114415353247,-1.3144834676751769,0.3273403840168492,1.069470396722686,0.06051759852239533,0.2899561315403322,"(-1.493, -0.943]"
0,3,0.40000000000000013,[345 319 302 332  66 364 378 331 495 197],0.5589735202592914,0.5030761682333622,-2.202520926653711,0.5055756526374225,1.2299413965809811,0.12967483068610264,0.24643374794943454,"(-2.71, -2.195]"
0,3,0.6000000000000001,[345 388 361 302 378 373 364 316 357 324],0.3790868304691074,0.34117814742219665,-3.9172107742426654,0.678337968051467,1.5031406082961911,0.20883869354403808,0.05506437500881066,"(-4.939, -3.886]"
0,3,0.8,[345 388 361 397 346 365 354 353 336 374],0.29291641086084413,0.26362476977475974,-4.386591285273683,0.7068732844463599,1.7615526355470332,0.2995828448195086,0.04636316749722869,"(-4.939, -3.886]"
0,3,1.0,[345 388 305 353 314 354 386 300 398 304],0.3533116617020284,0.31798049553182556,-4.321083671163079,0.7007700658122177,2.0177982393880947,0.4037192792747184,0.04931457073881931,"(-4.939, -3.886]"
0,3,1.5,[345 397 346 361 388 385 310 336 373 326],0.28417780374722906,0.25576002337250614,-4.940076218239048,0.7283671625795549,2.9866471829510135,0.7371397767514332,0.0373633231150363,"(-5.957, -4.939]"
0,3,2.0,[345 323 344 385 388 397 361 346 375 336],0.2974901675177095,0.2677411507659386,-5.450447173652025,0.7419234725870206,4.419468059918474,1.2105141882219244,0.032640453257237786,"(-5.957, -4.939]"
0,3,2.5,[345 323 344 385 350 375 397 328 336 366],0.19264542922267086,0.17338088630040377,-5.824494701035097,0.7513144342693606,6.5596534521489245,1.8842508096186632,0.028858349767453922,"(-5.957, -4.939]"
0,3,3.0,[345 322 375 397 310 385 346 328 300 344],0.20288701399201087,0.18259831259280979,-5.956954850010795,0.7555429021654056,9.671085504544783,2.8446577079969577,0.023149723791949836,"(-6.413, -5.957]"
0,3,4.0,[345 322 375 310 385 397 346 328 300 344],0.19966471366529137,0.17969824229876225,-5.956954850010794,0.7555429021654056,20.629002846293265,6.172735056317821,0.023149723791949836,"(-6.413, -5.957]"
0,3,6.0,[345 350 375 310 385 344 397 322 346 328],0.13456593566147765,0.12110934209532989,-6.241160292596115,0.7587231649434256,95.83943532220682,26.912164634433108,0.02319995934695195,"(-6.413, -5.957]"
0,3,8.0,[345 350 375 310 322 385 371 363 328 323],0.2175470907413968,0.19579238166725713,-6.384252430536294,0.7596813539177859,443.6541799572906,114.71033778867316,0.02242318190064066,"(-6.413, -5.957]"
0,3,10.0,[345 350 375 310 322 385 371 363 321 346],0.21312741953272743,0.1918146775794547,-6.464989938410419,0.7601070938203098,2055.827886017516,491.660917604285,0.022113139791121558,"(-6.891, -6.413]"
0,3,15.0,[345 350 375 322 310 385 344 371 363 321],0.19541653866075565,0.17587488479468008,-6.6171417255196054,0.7608579811625734,96251.80517903755,19872.007248153066,0.021513335631983654,"(-6.891, -6.413]"
0,3,20.0,[345 350 375 322 310 385 344 371 363 321],0.18343150915987524,0.16508835824388773,-6.6171417255196054,0.7608579811625734,4561179.81334223,887017.4403273176,0.021513335631983654,"(-6.891, -6.413]"
0,4,-3.0,[278 227 377 201  75 291 242 206 313 268],0.0,0.0,-2.852346766399541,-0.20028095403352433,1.8290502560818644,0.477302763766596,0.025453561715546743,"(-3.886, -2.71]"
0,4,-2.5,[278 227 377  75 201 295 242 206  51 313],0.0,0.0,-2.501331795555469,-0.19402750329488522,1.627898696749289,0.4242563446932809,0.026572535028892855,"(-2.71, -2.195]"
0,4,-2.0,[278 227 377  75 201 295  51 242 206 313],0.0,0.0,-2.501331795555469,-0.19402750329488522,1.4762052917982573,0.3679132714178298,0.026572535028892858,"(-2.71, -2.195]"
0,4,-1.5,[278 377  75 227 201 242  51 206 312 157],0.0,0.0,-1.7924255516799783,-0.17339645503962445,1.3009216038525993,0.3042809052905546,0.05208949178997879,"(-2.195, -1.743]"
0,4,-1.0,[278 377  75 227 201 157 312  51 206 242],0.0,0.0,-1.7924255516799787,-0.17339645503962445,1.190925864176784,0.22769397691007845,0.05208949178997879,"(-2.195, -1.743]"
0,4,-0.8,[278 377  75 227 157 312 201  51 206 242],0.011417638992926506,0.010275875093633856,-1.7924255516799785,-0.17339645503962445,1.1497840119893616,0.1917282305235081,0.05208949178997879,"(-2.195, -1.743]"
0,4,-0.6000000000000001,[278 377  75 227 157 312  51 206 242 384],0.10017387841869216,0.09015649057682294,-1.5905090122261827,-0.15779818854233077,1.0999456348923773,0.15178606893501517,0.05703498514815243,"(-1.743, -1.493]"
0,4,-0.4,[278 313  75 157 227 383  51 206 151 242],0.021449054850204693,0.019304149365184226,-1.5424701913550525,-0.14710945275640386,1.0610989952877319,0.10711639824578585,0.07635912484882139,"(-1.743, -1.493]"
0,4,-0.19999999999999996,[278 313  75 157 227 383 175  51 206 414],0.09508643885033724,0.08557779496530352,-1.1510130935510645,-0.055793261572474315,1.0124035892968484,0.05685364007180699,0.24567678108663385,"(-1.493, -0.943]"
0,4,0.0,[116 338  23 479 230 246 355  60 137 121],0.23424695331187917,0.21082225798069126,-0.9431747774991455,0.10552962295318316,1.0,0.0,0.2510546218004814,"(-1.493, -0.943]"
0,4,0.19999999999999996,[479 136  92 393 432 276 114 413 490 389],0.36617536796563654,0.3295578311690729,-1.493079928780238,0.33241871634300113,1.070686385230563,0.06459510469273945,0.3004244510990356,"(-1.743, -1.493]"
0,4,0.40000000000000013,[479 432 409 189  92 426 413 349 490 402],0.4891693641459547,0.44025242773135925,-2.706315487916566,0.5357407153196367,1.2448267060373985,0.13825892649748142,0.24572508396990178,"(-2.71, -2.195]"
0,4,0.6000000000000001,[479 409 432 426 412 413 490 468 467 487],0.33346751441473343,0.3001207629732601,-4.313454481572844,0.6981673152606664,1.5210387821087719,0.22252312006291508,0.05215151611472928,"(-4.939, -3.886]"
0,4,0.8,[479 446 493 432 499 470 478 437 448 442],0.43333114134337003,0.38999802720903304,-4.563607582043193,0.7102533614414959,1.7663495535808367,0.3191559520345129,0.04706095174006824,"(-4.939, -3.886]"
0,4,1.0,[479 451 409 426 405 442 403 430 455 418],0.27143250404713104,0.24428925364241794,-4.937706082665908,0.7268000657347129,2.0705437299068663,0.4301997131601584,0.04466351655842418,"(-4.939, -3.886]"
0,4,1.5,[479 451 429 499 446 455 403 484 409 427],0.2603905371744585,0.23435148345701265,-5.471392667951657,0.7447914649153079,3.060534444343482,0.7872626340486524,0.03500429200280125,"(-5.957, -4.939]"
0,4,2.0,[479 451 429 441 455 439 426 420 443 481],0.19915471873894278,0.1792392468650485,-6.170187403671602,0.7666314749907978,4.641030541363923,1.2983508046113355,0.028940061318062052,"(-6.413, -5.957]"
0,4,2.5,[479 451 429 441 463 439 443 419 456 436],0.11740356717942296,0.10566321046148067,-6.642407749344986,0.7774546920274072,6.991747565908808,2.032877663705836,0.018618997296268616,"(-6.891, -6.413]"
0,4,3.0,[479 451 443 419 481 441 436 400 439 456],0.23132948434812375,0.2081965359133114,-6.641921245369248,0.7789208907102927,10.36261568791513,3.0909994914649346,0.01781443361874889,"(-6.891, -6.413]"
0,4,4.0,[479 451 443 419 481 441 436 400 439 408],0.20124074716470583,0.18111667244823526,-6.890609661824536,0.7824880245177396,22.91239048782581,6.821707255700176,0.014513851013461625,"(-7.3950000000000005, -6.891]"
0,4,6.0,[479 451 443 419 408 441 436 400 481 439],0.2031956928825196,0.18287612359426764,-6.890609661824537,0.7824880245177395,109.82159534901413,30.932077894336217,0.014513851013461625,"(-7.3950000000000005, -6.891]"
0,4,8.0,[479 451 443 408 441 419 436 481 400 439],0.1181747227906303,0.10635725051156726,-6.890609661824537,0.7824880245177395,526.8794171271139,137.3410836127943,0.014513851013461625,"(-7.3950000000000005, -6.891]"
0,4,10.0,[479 451 408 443 441 419 436 481 400 439],0.23378381107717222,0.210405429969455,-6.890609661824537,0.7824880245177395,2530.198166227676,612.0873157058745,0.014513851013461625,"(-7.3950000000000005, -6.891]"
0,4,15.0,[479 451 408 443 441 436 419 481 439 400],0.0935515423907532,0.08419638815167788,-6.890609661824536,0.7824880245177395,128436.81429536024,26770.873691488134,0.014513851013461625,"(-7.3950000000000005, -6.891]"
0,4,20.0,[479 451 408 443 441 436 419 481 439 400],0.19298695022038076,0.1736882551983427,-6.890609661824536,0.7824880245177395,6563667.076870104,1244486.953909177,0.014513851013461625,"(-7.3950000000000005, -6.891]"
0,5,-3.0,[266 238 193 289 211 263 444 214 262 196],0.040764553956304225,0.0366880985606738,-2.8983253684602053,-0.22276782550558166,1.9631877731734064,0.5235887748639506,0.03749753052945021,"(-3.886, -2.71]"
0,5,-2.5,[266 193 238 289 211 444 263 214 262 196],0.0,0.0,-2.8983253684602053,-0.22276782550558166,1.7529123189431357,0.46035782771715406,0.03749753052945021,"(-3.886, -2.71]"
0,5,-2.0,[266 193 289 238 444 211 263 214 262 157],0.0,0.0,-2.8134555326429895,-0.22089508540503205,1.5602604195514396,0.39511964221462603,0.039239832895809006,"(-3.886, -2.71]"
0,5,-1.5,[266 193 289 444 238 211 214 331 263 262],0.0,0.0,-2.438672706830407,-0.21001538219006802,1.3756125144204276,0.32367014413226636,0.05970912342574159,"(-2.71, -2.195]"
0,5,-1.0,[266 193 289 444 331 269 238 268 162 211],0.0,0.0,-2.152047991519651,-0.19804996983787643,1.2213554713940655,0.2401205517744766,0.06217089133848929,"(-2.195, -1.743]"
0,5,-0.8,[266 193 444 289 331 269 268 238 162 447],0.0,0.0,-1.861498486861612,-0.18085934817878288,1.1575394865020159,0.20155374958658917,0.0710785801641116,"(-2.195, -1.743]"
0,5,-0.6000000000000001,[266 193 444 289 331 269 268 447 162 129],0.0014049942022034676,0.001264494781983121,-1.6905254685435707,-0.16680477576329722,1.1061097511141462,0.159089144230032,0.0652335200050887,"(-1.743, -1.493]"
0,5,-0.4,[266 193 444 331 289 269 493 250 355 178],0.0,0.0,-1.4208004149654456,-0.13778804511165407,1.057391971095178,0.1119558931759537,0.09304665984442229,"(-1.493, -0.943]"
0,5,-0.19999999999999996,[266 193 489 331 285 355 262 459 319 135],0.08532645436832056,0.07679380893148852,-1.2528846217953078,-0.08015350468661772,1.016483610122457,0.059266761653380726,0.12633968138664006,"(-1.493, -0.943]"
0,5,0.0,[116 338  23 479 230 246 355  60 137 121],0.20004767605824408,0.1800429084524197,-0.9431747774991455,0.11289702859259283,1.0,0.0,0.30893847278118464,"(-1.493, -0.943]"
0,5,0.19999999999999996,[ 89 327 485 173 227  62  83 364 229  19],0.555135812010361,0.4996222308093249,-1.6134402853447671,0.3569192801625373,1.0759615201433133,0.06702169913543263,0.30205260773816234,"(-1.743, -1.493]"
0,5,0.40000000000000013,[ 89   3  79  57 327 485  38  27 173  45],0.4447582024842236,0.40028238223580126,-2.8305970866724293,0.5440204095036443,1.2488578835797437,0.143155651456433,0.24431361087051834,"(-3.886, -2.71]"
0,5,0.6000000000000001,[89 66  3 83 54  8 82 15 23  9],0.3124640753688266,0.28121766783194396,-4.381535367600251,0.6977799920601309,1.5204759556531804,0.22996760345157197,0.04428984050337062,"(-4.939, -3.886]"
0,5,0.8,[89 66  3 83 54 88 15 82 23 22],0.3404176608953454,0.3063758948058109,-4.691843481944343,0.7163907740887806,1.7746882437806473,0.32926477847127944,0.03985996210559469,"(-4.939, -3.886]"
0,5,1.0,[89 32  5 65  4 99 56 15 95 10],0.2089762152720806,0.18807859374487254,-5.007545065495128,0.7346514874258846,2.085949498892499,0.44313430032423384,0.03371603364822831,"(-5.957, -4.939]"
0,5,1.5,[89 32 65 66 88 15 18 67  5 46],0.2512007424230592,0.22608066818075326,-5.508290130414223,0.74880076173498,3.0781378094898897,0.8083301154753922,0.031633158157765566,"(-5.957, -4.939]"
0,5,2.0,[89 32 81 65 35 86 67  5 88  7],0.25083323099539434,0.22574990789585492,-6.332151652391498,0.7763313586868276,4.7293321814240965,1.3299921815885736,0.024026745969571762,"(-6.413, -5.957]"
0,5,2.5,[89 32 81 65 35 86 67 88  7 80],0.0929287394320385,0.08363586548883466,-6.565595102883593,0.7814895566783401,7.05807441730102,2.0791657413616464,0.011987445858694342,"(-6.891, -6.413]"
0,5,3.0,[89 32 81 35 65 86 67  7 88 80],0.1825345940867151,0.1642811346780436,-6.565595102883593,0.7814895566783401,10.434463441536701,3.1585017078381585,0.011987445858694344,"(-6.891, -6.413]"
0,5,4.0,[89 32 81 35 16 86 65  7 67 88],0.17632479326898035,0.1586923139420823,-6.795344258485482,0.7849287414300956,23.119475190193164,6.968800350272407,0.010987319234747982,"(-6.891, -6.413]"
0,5,6.0,[89 16 32 35 81 86  7 97 49 88],0.1890485047395022,0.17014365426555197,-7.164822426040107,0.7884095595769465,113.47675424888124,31.709179490382486,0.00800028873729334,"(-7.3950000000000005, -6.891]"
0,5,8.0,[89 16 35 86 81 32  7 97 49 61],0.08550491296298912,0.07695442166669021,-7.245042572507274,0.78895123969641,551.7914961851138,141.65410117723687,0.007001364338977945,"(-7.3950000000000005, -6.891]"
0,5,10.0,[89 16 35 86 97 32  7 81 49 61],0.08132961785267957,0.07319665606741162,-7.245042572507273,0.78895123969641,2675.648082636403,635.6909136425402,0.007001364338977945,"(-7.3950000000000005, -6.891]"
0,5,15.0,[89 16 35 86 97  7 32 81 49 61],0.17344952678773812,0.1561045741089643,-7.245042572507273,0.78895123969641,138652.4058697123,28224.8751790294,0.007001364338977945,"(-7.3950000000000005, -6.891]"
0,5,20.0,[89 16 35 86 97  7 32 81 49 61],0.16220168216855252,0.14598151395169728,-7.245042572507273,0.78895123969641,7193483.489239039,1318206.5323507045,0.007001364338977945,"(-7.3950000000000005, -6.891]"
0,6,-3.0,[ 47  83 324 234  19  55  56  93 359  64],0.0,0.0,-3.2388290733549185,-0.19384398863915933,1.7983402332208798,0.4818321740928424,0.0342419656454142,"(-3.886, -2.71]"
0,6,-2.5,[ 47 324  83 234  19  55 359  93  56  64],0.0,0.0,-3.2388290733549185,-0.19384398863915933,1.6295545987617968,0.42845545185859457,0.0342419656454142,"(-3.886, -2.71]"
0,6,-2.0,[ 47 324 234  83  19 359  55 246  64  56],0.0,0.0,-2.905036061859663,-0.18747590167827596,1.45964809471075,0.3713385883968394,0.0401966033853129,"(-3.886, -2.71]"
0,6,-1.5,[ 47 324 234  83 359  19 246  59 372  64],0.0,0.0,-2.35305174412679,-0.1748085893133727,1.3030318880163283,0.30662127367385267,0.046821062798621284,"(-2.71, -2.195]"
0,6,-1.0,[ 47 324 234  93 372 246 433 359  59  19],0.014155569436049766,0.01274001249244479,-1.839423181971338,-0.15063923908715732,1.1649029187229025,0.22885222229562546,0.06375627548897152,"(-2.195, -1.743]"
0,6,-0.8,[ 47 324 234 372  93 433 246 359  59  19],0.0,0.0,-1.8394231819713376,-0.15063923908715732,1.1295222209750793,0.1924556407544098,0.06375627548897152,"(-2.195, -1.743]"
0,6,-0.6000000000000001,[ 47 324 234 372 433  93 246 359  59 213],0.1073800075377351,0.09664200678396159,-1.6309191553310955,-0.13727210269814977,1.086703378146694,0.15214621665804984,0.06621116905144576,"(-1.743, -1.493]"
0,6,-0.4,[ 47 324 234 433 372 246   9 359  59 213],0.048152053587746,0.0433368482289714,-1.5070308216133634,-0.12652592064446333,1.0522782837379028,0.10720582919589086,0.06587473251073726,"(-1.743, -1.493]"
0,6,-0.19999999999999996,[ 47 324 234 433 372 246   9 359 121 367],0.028215872370866424,0.02539428513377978,-1.1856239363684167,-0.046217132622165494,1.0102803134520828,0.05680775810928648,0.22557134844608506,"(-1.493, -0.943]"
0,6,0.0,[116 338  23 479 230 246 355  60 137 121],0.3566082080696863,0.32094738726271765,-0.9431747774991455,0.18158039608603158,1.0,0.0,0.31382638312092126,"(-1.493, -0.943]"
0,6,0.19999999999999996,[193 451 221 325  79 198 178 186 121 338],0.45099864573669535,0.4058987811630258,-1.615130178667995,0.38840961676044894,1.082597115458736,0.06431404675433061,0.2900536188147615,"(-1.743, -1.493]"
0,6,0.40000000000000013,[193 150 168 451 135 289 121 114 137 325],0.5467619457018063,0.4920857511316256,-2.353562745781632,0.5070802225080457,1.2303929433667053,0.13739795809199973,0.240058254108999,"(-2.71, -2.195]"
0,6,0.6000000000000001,[193 150 168 198 137 121 186 175 161 178],0.4370063188234353,0.3933056869410918,-3.8073471712762905,0.6641017393197272,1.4904190026747597,0.2207082186435723,0.05713962326956611,"(-3.886, -2.71]"
0,6,0.8,[193 150 168 134 192 155 113 161 135 186],0.2939613811069671,0.26456524299627043,-4.2936874052654215,0.6941725029986252,1.744434018821147,0.31592428976040093,0.05834651539813132,"(-4.939, -3.886]"
0,6,1.0,[193 150 120 160 113 175 155 134 197 167],0.3373307339589226,0.30359766056303034,-4.8384456446660185,0.722064814551531,2.0604008937810656,0.4249834769096164,0.04080970385404532,"(-4.939, -3.886]"
0,6,1.5,[193 132 169 113 134 163 136 183 103 194],0.27418606712640914,0.24676746041376824,-5.320013323373107,0.7414302909655425,3.043988076962716,0.7737287970002705,0.0301130874227658,"(-5.957, -4.939]"
0,6,2.0,[193 183 165 150 120 167 170 148 138 100],0.24693342388030665,0.22224008149227598,-6.122362166161454,0.7634146793620119,4.609583486081229,1.269457532781322,0.02557662618668732,"(-6.413, -5.957]"
0,6,2.5,[193 170 165 183 150 118 120 148 130 138],0.28873290522073475,0.25985961469866126,-6.352413730480189,0.7683746642889241,6.842122029324747,1.9775382909161219,0.02638030250783151,"(-6.413, -5.957]"
0,6,3.0,[193 170 165 183 118 132 120 148 150 130],0.1753765414724722,0.15783888732522497,-6.47920053643648,0.7708644959025244,10.125886445924262,2.9919720190838355,0.023657338639617453,"(-6.891, -6.413]"
0,6,4.0,[193 170 165 118 183 120 132 148 153 100],0.1272794065769793,0.11455146591928138,-7.029909253340492,0.7781938404991717,22.535984217933414,6.54139838969023,0.01709090190828272,"(-7.3950000000000005, -6.891]"
0,6,6.0,[193 170 165 118 183 153 120 148 132 109],0.11780065842711272,0.10602059258440145,-7.101863420388886,0.7789676988380493,107.62129004326994,29.176756682410556,0.01634837294445105,"(-7.3950000000000005, -6.891]"
0,6,8.0,[193 170 118 165 153 183 120 148 109 132],0.12148586566011697,0.10933727909410527,-7.101863420388886,0.7789676988380493,513.0086856789751,127.7993881312993,0.01634837294445105,"(-7.3950000000000005, -6.891]"
0,6,10.0,[193 170 118 165 153 183 120 148 109 132],0.15842129443768369,0.14257916499391532,-7.101863420388886,0.7789676988380493,2448.003730895167,563.2283486511519,0.01634837294445105,"(-7.3950000000000005, -6.891]"
0,6,15.0,[193 170 118 165 153 183 120 109 148 169],0.17416636430962817,0.15674972787866537,-7.2790897806587616,0.7796475293635685,123213.8759757198,24131.99267883872,0.015441597081637266,"(-7.3950000000000005, -6.891]"
0,6,20.0,[193 170 118 165 153 183 120 109 148 169],0.17094330553529694,0.15384897498176725,-7.2790897806587616,0.7796475293635685,6204612.7190142255,1103918.7523536438,0.015441597081637266,"(-7.3950000000000005, -6.891]"
0,7,-3.0,[ 67 411   1  46 448 391  12 186   2  44],0.0,0.0,-3.040086538643491,-0.2383361780338984,2.0591788132590256,0.5512940352857001,0.04072819092653607,"(-3.886, -2.71]"
0,7,-2.5,[ 67 411   1  46 448 391 186  12   5  44],0.0,0.0,-2.73308097400218,-0.23238641999311285,1.7959704954022933,0.4809542899504488,0.038471010363362854,"(-3.886, -2.71]"
0,7,-2.0,[ 67 411  46 391 186 448   1  12   5 431],0.013032525066457204,0.011729272559811484,-2.5952845508174303,-0.22961651455556092,1.5875039622519265,0.4093812031798127,0.03832423333061325,"(-2.71, -2.195]"
0,7,-1.5,[ 67 411 391 186  46 448   1   5  12 470],0.0,0.0,-2.5185755051644256,-0.2273887813325183,1.408941547510562,0.3322854990539954,0.039495341932964896,"(-2.71, -2.195]"
0,7,-1.0,[ 67 411 391 186  46 448 155   5  12 413],0.10281670301465747,0.09253503271319172,-2.0751585852861596,-0.20886053806671692,1.2336216672009401,0.24396585826442882,0.04685947352770751,"(-2.195, -1.743]"
0,7,-0.8,[ 67 411 391 186 448  46 155   5 413  12],0.0,0.0,-2.075158585286159,-0.20886053806671692,1.1826870064061736,0.203853957450752,0.04685947352770751,"(-2.195, -1.743]"
0,7,-0.6000000000000001,[ 67 411 391 186 413  46 155 431 386   5],0.0,0.0,-1.7436164569013677,-0.18781737063268447,1.1202182388738566,0.16013839548344047,0.06840286727541606,"(-2.195, -1.743]"
0,7,-0.4,[ 67 411 391 186 413 155  46 386 137 426],0.0,0.0,-1.5449320443463717,-0.16947925427651325,1.0705995435569016,0.11213077853327896,0.07315368885433096,"(-1.743, -1.493]"
0,7,-0.19999999999999996,[ 67 411 391 186 155 413 386 137   5 422],0.03628475898909495,0.03265628309018546,-1.4643821450240069,-0.1548060966926354,1.0315778909277427,0.05904838793019278,0.0801098873747445,"(-1.493, -0.943]"
0,7,0.0,[116 338  23 479 230 246 355  60 137 121],0.1835163128972208,0.16516468160749873,-0.9431747774991455,0.06436744310403106,1.0,0.0,0.2824409228415786,"(-1.493, -0.943]"
0,7,0.19999999999999996,[222 200 309 169 416  28 243 246 293 254],0.5534489528166678,0.4981040575350011,-1.7382424952300064,0.43275544467978877,1.0922926989839001,0.06603047875538592,0.2952127726329862,"(-1.743, -1.493]"
0,7,0.40000000000000013,[222 200 231 250 243 309 246 254 169 224],0.5088917327106541,0.45800255943958873,-2.6411174835051368,0.5622552342333543,1.2566165605062978,0.1402029006433285,0.21382621745761177,"(-2.71, -2.195]"
0,7,0.6000000000000001,[222 200 231 250 243 246 254 204 273 203],0.38192142949735314,0.3437292865476178,-3.5769817626065445,0.66592781933066,1.4918257845339844,0.22384267923586157,0.04943706445143328,"(-3.886, -2.71]"
0,7,0.8,[222 200 231 250 201 220 243 206 245 202],0.3075261124053087,0.27677350116477784,-3.944943836291044,0.6910012099108804,1.739312508966011,0.31846595212606554,0.04643719109194319,"(-4.939, -3.886]"
0,7,1.0,[222 234 279 288 205 220 285 206 218 246],0.2412030590672613,0.21708275316053519,-4.431406205293922,0.707844142696569,2.0316659245480944,0.42580861742029824,0.044994167979023586,"(-4.939, -3.886]"
0,7,1.5,[222 234 279 205 288 274 247 245 295 202],0.24799583188887153,0.2231962486999844,-5.098653700330856,0.732162861336576,3.0022832098315773,0.7635956796485931,0.03169567180214243,"(-5.957, -4.939]"
0,7,2.0,[222 234 279 205 247 274 288 245 202 298],0.2942265289196526,0.26480387602768735,-5.419820798807439,0.740606925737315,4.405173836482349,1.2341350799635304,0.028052658359093912,"(-5.957, -4.939]"
0,7,2.5,[222 234 247 279 205 274 286 298 245 273],0.2505450342245685,0.22549053080211162,-5.631139419694103,0.7454419062188335,6.459800183846579,1.8940106589466414,0.025409371993033215,"(-5.957, -4.939]"
0,7,3.0,[222 234 247 279 205 286 298 274 245 273],0.1775534080824589,0.159798067274213,-5.631139419694101,0.7454419062188335,9.385720079347164,2.823439713376687,0.025409371993033215,"(-5.957, -4.939]"
0,7,4.0,[222 247 234 205 279 298 286 274 245 228],0.23937353998705274,0.21543618598834746,-5.8249214198337755,0.7485998969973515,20.0424550769814,5.994963878790936,0.02087458075865603,"(-5.957, -4.939]"
0,7,6.0,[222 247 234 205 298 286 279 291 232 228],0.23734645013605513,0.21361180512244962,-6.147599502389393,0.7517301682604944,91.42807889346821,25.253898755290273,0.016993996733018032,"(-6.413, -5.957]"
0,7,8.0,[222 247 234 205 298 286 279 291 232 228],0.17388770933955663,0.15649893840560097,-6.147599502389393,0.7517301682604944,412.82122044873984,104.56104903421202,0.016993996733018032,"(-6.413, -5.957]"
0,7,10.0,[222 247 234 298 205 286 279 291 232 228],0.22576683644688963,0.20319015280220068,-6.147599502389394,0.7517301682604944,1866.0866651502442,435.5842602329477,0.016993996733018032,"(-6.413, -5.957]"
0,7,15.0,[222 247 298 234 205 286 291 279 228 232],0.22099101707191324,0.19889191536472192,-6.147599502389394,0.7517301682604944,81461.29127896749,16198.01963649296,0.016993996733018032,"(-6.413, -5.957]"
0,7,20.0,[222 247 298 234 205 286 291 279 228 232],0.16093206625808207,0.14483885963227386,-6.147599502389394,0.7517301682604944,3579965.5534346313,643517.7431933252,0.016993996733018032,"(-6.413, -5.957]"
0,8,-3.0,[456 117 264 168 403 138  17 181 217 159],0.0,0.0,-2.4974025428218165,-0.15637463604156016,1.6110177050609185,0.4095638776470265,0.041426776238212434,"(-2.71, -2.195]"
0,8,-2.5,[456 117 264 168 403 138  17 231 181 159],0.0,0.0,-2.5133858054660596,-0.156541372304832,1.4868896831526717,0.3720967556890406,0.04126415762171496,"(-2.71, -2.195]"
0,8,-2.0,[456 117 264 168 403  17 138 231 432 159],0.03666548326479066,0.032998934938311596,-2.2756368182845645,-0.15119539673371415,1.3583515558475916,0.3289449391993016,0.04388175638605711,"(-2.71, -2.195]"
0,8,-1.5,[456 117 231  17 181 403 168 264 432 159],0.0417585872021583,0.03758272848194247,-2.1421085684750896,-0.14809085482238937,1.2512494577005377,0.2764686230956878,0.04202920941937546,"(-2.195, -1.743]"
0,8,-1.0,[456 117 231  17 168 432 264 151 403 253],0.0,0.0,-1.773253871907383,-0.13037893899664513,1.141012470965134,0.20951879167295287,0.055305692386381056,"(-2.195, -1.743]"
0,8,-0.8,[456 117 231  17 168 432 264 151 403 253],0.0,0.0,-1.773253871907383,-0.13037893899664513,1.1110282309451307,0.1771436992815936,0.055305692386381056,"(-2.195, -1.743]"
0,8,-0.6000000000000001,[456 117 231  17 432 143 250 181 253 403],0.04344581193601159,0.03910123074241043,-1.7415669600594337,-0.1220815462831697,1.0767776381743823,0.14073211822052978,0.06336623546085292,"(-1.743, -1.493]"
0,8,-0.4,[456 138 231  17 168 432 250 114 289   9],0.06363843673437976,0.057274593060941785,-1.4997949121165075,-0.10284777805009895,1.0423870663316064,0.09960833150111714,0.06827306309984052,"(-1.743, -1.493]"
0,8,-0.19999999999999996,[456 138 231  17 250 430 114  55 135 200],0.09666177314105742,0.08699559582695168,-1.347079350589482,-0.060869517759969204,1.0124045776408948,0.052995428067395704,0.0876726018796587,"(-1.493, -0.943]"
0,8,0.0,[116 338  23 479 230 246 355  60 137 121],0.49960943817309034,0.4496484943557813,-0.9431747774991455,0.1669597474311053,1.0,0.0,0.2504441984100629,"(-1.493, -0.943]"
0,8,0.19999999999999996,[345  66 406 195 319 210 302 332 364 378],0.5474931865951628,0.4927438679356465,-1.7910337104981218,0.4415379362468121,1.0939505682856026,0.06040552185983884,0.2736530654267244,"(-2.195, -1.743]"
0,8,0.40000000000000013,[345 319 302 343  66 378 331 495 364 332],0.5376759953094872,0.48390839577853845,-2.71256840220434,0.56666266430642,1.258487749747839,0.12940326557860637,0.20485333996553415,"(-3.886, -2.71]"
0,8,0.6000000000000001,[345 388 361 378 302 343 319 324 329 395],0.41667377666899397,0.3750063990020946,-3.8548743762911273,0.6737251809917383,1.4991068326790198,0.2083534786034055,0.05897064957643597,"(-3.886, -2.71]"
0,8,0.8,[345 397 343 361 388 314 325 319 353 304],0.3673874441702414,0.33064869975321726,-4.2132360330282035,0.6971403451076164,1.7482365815774135,0.29882174734820915,0.05264026084281244,"(-4.939, -3.886]"
0,8,1.0,[345 397 343 361 388 314 325 353 304 393],0.3082161909033888,0.27739457181304994,-4.336776320363487,0.7039492107473118,2.0238079616759093,0.40261044946840885,0.044973564532791686,"(-4.939, -3.886]"
0,8,1.5,[345 397 361 343 366 310 325 389 393 383],0.33053319628865324,0.2974798766597879,-4.7016771691218375,0.7229955934101518,2.9625259923388083,0.7347670434821202,0.036628780719296664,"(-4.939, -3.886]"
0,8,2.0,[345 322 397 328 383 343 370 310 385 341],0.21341956863120873,0.19207761176808785,-5.321557912673787,0.7427583360289239,4.426256581191302,1.2061077456844507,0.031611545228749476,"(-5.957, -4.939]"
0,8,2.5,[345 322 397 328 310 385 370 371 375 341],0.20907250784601164,0.1881652570614105,-5.909221131659326,0.7552943300642152,6.62075717376146,1.8766747395291001,0.024806213826646845,"(-5.957, -4.939]"
0,8,3.0,[345 322 371 375 397 310 385 328 370 341],0.19664526079155692,0.17698073471240122,-5.909221131659326,0.7552943300642153,9.667214793488203,2.832232372564547,0.024806213826646842,"(-5.957, -4.939]"
0,8,4.0,[345 322 371 375 397 310 385 328 350 321],0.20321183290853473,0.18289064961768126,-6.413404000378529,0.7622210125646142,21.181956347281695,6.142009820731621,0.0227210680768214,"(-6.891, -6.413]"
0,8,6.0,[345 322 371 375 350 397 321 310 385 328],0.31485105427289417,0.2833659488456048,-6.413404000378529,0.7622210125646142,97.81495088634107,26.75467104247823,0.022721068076821397,"(-6.891, -6.413]"
0,8,8.0,[345 322 371 375 350 321 397 310 385 328],0.1057548663096313,0.09517937967866817,-6.413404000378529,0.7622210125646142,452.7667961664921,114.00676234577583,0.022721068076821397,"(-6.891, -6.413]"
0,8,10.0,[345 322 350 371 375 321 397 310 385 328],0.23343113545794442,0.21008802191214998,-6.413404000378527,0.7622210125646142,2100.9616240483383,488.8674303626077,0.0227210680768214,"(-6.413, -5.957]"
0,8,15.0,[345 350 322 375 371 321 397 310 385 344],0.11524613064750494,0.10372151758275445,-6.515868327629168,0.762638544838522,98992.55502185848,19838.545077598832,0.022321951430138924,"(-6.891, -6.413]"
0,8,20.0,[345 350 322 375 371 321 397 310 385 344],0.17228533091751586,0.1550567978257643,-6.515868327629168,0.762638544838522,4729173.122413683,889694.2480589929,0.022321951430138924,"(-6.891, -6.413]"
0,9,-3.0,[291  75 201 313 278 242 206 256 377 268],0.0,0.0,-2.941118671818515,-0.19301773000973735,1.7890695844411233,0.45905685678830016,0.0241616829472595,"(-3.886, -2.71]"
0,9,-2.5,[291  75 313 201 278 242 206 383 256  51],0.0,0.0,-2.596239508510471,-0.1867077961192018,1.600262585554906,0.4104978727021225,0.03316087596259779,"(-2.71, -2.195]"
0,9,-2.0,[291  75 313 201 278 242 312 206  51 256],0.0,0.0,-2.574931767907276,-0.18637801080280553,1.455004230727035,0.3579515565215261,0.03372716140629288,"(-2.71, -2.195]"
0,9,-1.5,[291  75 313 201 278 312 242  51 206 157],0.0,0.0,-1.9800362293888925,-0.16989365823831032,1.2945306710627094,0.2975079529795515,0.05506941654617882,"(-2.195, -1.743]"
0,9,-1.0,[291  75 313 201 157 383 278  51 242 206],0.018687643059819965,0.01681887875383797,-1.9957155858186457,-0.1702234435547066,1.1873157775679961,0.2235865210413929,0.05482367656103845,"(-2.195, -1.743]"
0,9,-0.8,[291  75 313 201 157 312 278  51 242 206],0.0,0.0,-1.9800362293888922,-0.16989365823831032,1.1466784899686797,0.18855986022090818,0.05506941654617882,"(-2.195, -1.743]"
0,9,-0.6000000000000001,[291  75 313 201 157 312  51 278 242 206],0.0,0.0,-1.9800362293888925,-0.16989365823831032,1.1079100027383617,0.1494925187614496,0.05506941654617882,"(-2.195, -1.743]"
0,9,-0.4,[291  75 313 157 201 312  51 175 278 340],0.02482066157109307,0.022338595413983763,-1.5768937933402345,-0.12499612402687552,1.0522387637571229,0.10563893044954684,0.10823395631689743,"(-1.743, -1.493]"
0,9,-0.19999999999999996,[291  75 313 157 268 175 383   9 414 230],0.08741507371442732,0.07867356634298459,-1.0655450289372086,-0.011179132141164456,1.0033884328294786,0.05613893847797808,0.24264905560400699,"(-1.493, -0.943]"
0,9,0.0,[116 338  23 479 230 246 355  60 137 121],0.34611516043033785,0.3115036443873041,-0.9431747774991455,0.10640178331837816,1.0,0.0,0.2517749950053139,"(-1.493, -0.943]"
0,9,0.19999999999999996,[479 105  12 342 273 432 490 483  43 190],0.5157740626856977,0.46419665641712793,-1.581220955103229,0.3637375088706948,1.0771621194399508,0.0639234594959821,0.2803778728194573,"(-1.743, -1.493]"
0,9,0.40000000000000013,[479 432 409 189 483  36 342 413 442 217],0.41108591786625426,0.36997732607962885,-2.1710970415047597,0.47319077095257844,1.216113869502952,0.13695401121597123,0.2849073484991213,"(-2.195, -1.743]"
0,9,0.6000000000000001,[479 409 432 483 470 442 448 403 413 490],0.3431486476601067,0.3088337828940961,-4.30194614037051,0.6950971043690071,1.5182798283898244,0.2206190509679336,0.05352185797562651,"(-4.939, -3.886]"
0,9,0.8,[479 423 489 442 403 413 490 448 495 483],0.2850631491223725,0.25655683421013525,-4.473067245516225,0.7052649627245174,1.7594255838757014,0.31668311936736715,0.04895625945370861,"(-4.939, -3.886]"
0,9,1.0,[479 481 454 448 403 490 484 471 426 415],0.32197403387205037,0.28977663048484537,-4.93831006802047,0.7283931447429274,2.074078813856361,0.42718544348740645,0.04723731184861299,"(-4.939, -3.886]"
0,9,1.5,[479 481 466 407 484 483 448 403 435 430],0.2156696508873337,0.19410268579860032,-5.259618553413087,0.7415224891898949,3.0475025295666844,0.7830021112304969,0.04241571126908127,"(-5.957, -4.939]"
0,9,2.0,[479 481 466 407 439 406 474 463 451 499],0.18949819039985297,0.17054837135986767,-6.194411215289738,0.7710621973780147,4.682199120384384,1.2930010541059407,0.028770322668041574,"(-6.413, -5.957]"
0,9,2.5,[479 481 451 439 475 443 419 441 400 436],0.18987628620288327,0.17088865758259494,-6.762121900222929,0.7845510814307479,7.113962028484922,2.0266621772236233,0.01468073415078341,"(-6.891, -6.413]"
0,9,3.0,[479 481 451 439 475 443 419 441 400 436],0.20791468196236648,0.18712321376612984,-6.762121900222929,0.7845510814307479,10.534305799176057,3.0843264845072826,0.01468073415078341,"(-6.891, -6.413]"
0,9,4.0,[479 481 451 439 475 443 419 441 436 400],0.10461210190107159,0.09415089171096444,-6.762121900222929,0.7845510814307479,23.10298650705049,6.817257148559719,0.014680734150783407,"(-6.891, -6.413]"
0,9,6.0,[479 481 451 439 475 443 419 441 436 463],0.14423395806792105,0.12981056226112894,-6.855458087835374,0.7856423411749578,111.85269451766446,30.998153998878166,0.013338068033560704,"(-6.891, -6.413]"
0,9,8.0,[479 481 451 439 475 443 419 436 441 463],0.13721175430192065,0.12349057887172858,-6.855458087835374,0.7856423411749578,539.7644125222447,138.11152838516483,0.013338068033560704,"(-6.891, -6.413]"
0,9,10.0,[479 481 451 439 475 443 419 436 441 463],0.12829255823128288,0.1154633024081546,-6.855458087835374,0.7856423411749578,2606.879527783111,618.3535596605997,0.013338068033560704,"(-6.891, -6.413]"
0,9,15.0,[479 481 451 439 475 443 436 419 441 463],0.2492317318740233,0.22430855868662097,-6.855458087835374,0.7856423411749578,134142.85217963677,27479.50907578085,0.013338068033560704,"(-6.891, -6.413]"
0,9,20.0,[479 481 451 439 475 443 436 419 441 408],0.17655237406431143,0.1588971366578803,-7.015016243673304,0.7861449088609025,6997979.334184954,1301230.0527952588,0.012953288555229198,"(-7.3950000000000005, -6.891]"
1,0,-3.0,[238 266 193 289 223 211 263 196 262 226],0.0,0.0,-3.554289156540092,-0.23887760450466988,2.053722840813726,0.5345575463987835,0.025863746629001323,"(-3.886, -2.71]"
1,0,-2.5,[238 193 266 289 223 211 444 263 196 262],0.0,0.0,-3.0687585821527112,-0.23071579929510255,1.7889561101933797,0.4680064590812596,0.040014500628566596,"(-3.886, -2.71]"
1,0,-2.0,[238 193 289 266 211 444 223 263 196 262],0.0,0.0,-3.0687585821527117,-0.23071579929510255,1.591300047899098,0.4000329200825121,0.040014500628566596,"(-3.886, -2.71]"
1,0,-1.5,[238 193 289 266 444 211 214 262 196 256],0.0,0.0,-2.8211655784338046,-0.2229470305462296,1.39978279560694,0.32643065387782116,0.041245674013872316,"(-3.886, -2.71]"
1,0,-1.0,[238 193 289 444 266 331 211 214 262 256],0.00046648225974234986,0.0004198340337681149,-2.347009522159908,-0.20566100568893533,1.2310864776143433,0.24132286795544336,0.06774993140630735,"(-2.71, -2.195]"
1,0,-0.8,[238 193 444 289 331 266 268 214 162 211],0.0,0.0,-2.1968715988573155,-0.19893863518735364,1.1743181986945188,0.2023046935168186,0.06982387090666119,"(-2.71, -2.195]"
1,0,-0.6000000000000001,[238 193 444 262 331 214 266 256 447 278],0.009775273248115283,0.008797745923303756,-1.8983393326541025,-0.1788592133788214,1.1144075733847536,0.15949048523278198,0.07512052149508493,"(-2.195, -1.743]"
1,0,-0.4,[238 193 444 331 262 278 447 355 214 198],0.12218467571180479,0.10996620814062431,-1.4851880316352495,-0.13353296684363342,1.0556282594125503,0.1121126328503892,0.09529842491807068,"(-1.493, -0.943]"
1,0,-0.19999999999999996,[238 193 489 331 295 378 250 403 135 302],0.10953455174796983,0.09858109657317285,-1.389338813537042,-0.09595063277422891,1.0195718516208738,0.05928799282074426,0.09799832177496443,"(-1.493, -0.943]"
1,0,0.0,[116 338  23 479 230 246 355  60 137 121],0.2195306253691117,0.19757756283220052,-0.9431747774991455,0.10876226038675788,1.0,0.0,0.3088611555570368,"(-1.493, -0.943]"
1,0,0.19999999999999996,[ 16 390 454 200 134   4  64 364  57 459],0.4558050739228556,0.41022456653057005,-1.4617577444459786,0.34390995595838053,1.0731722781277597,0.0669220839347524,0.30221164221003616,"(-1.493, -0.943]"
1,0,0.40000000000000013,[ 16  63  76 327 485  19  27  92  72 104],0.5035790633918473,0.4532211570526626,-2.8788842961392582,0.5488307459122594,1.2515929334899556,0.14282726640871576,0.2515057575917655,"(-3.886, -2.71]"
1,0,0.6000000000000001,[16 63 76 72 92 55 42 45 19 57],0.24566844633059357,0.2211016016975342,-4.3383819406013036,0.698702055926502,1.521266142075794,0.2292708200514027,0.042078112512732954,"(-4.939, -3.886]"
1,0,0.8,[16 63 76 72 55 92 42 45 48 19],0.2777214524070373,0.24994930716633354,-4.418589160643655,0.7043879568401097,1.7577550203974777,0.32804682081733755,0.04037833077780215,"(-4.939, -3.886]"
1,0,1.0,[16 63 76 72 55 53 92 45 48 95],0.3300603570448004,0.2970543213403204,-4.602581399944111,0.7136806628280304,2.0426773204737665,0.44122596939135966,0.03382798124423093,"(-4.939, -3.886]"
1,0,1.5,[16 49 58 36  0 13 66 69 39 87],0.23222582403880332,0.20900324163492298,-5.515900866336127,0.7498573630151091,3.082933738746898,0.8038095301728547,0.031347907576875354,"(-5.957, -4.939]"
1,0,2.0,[16 49  0 36 58 13 69 32 81 70],0.3064452215789915,0.27580069942109237,-5.971233195428231,0.7637923058284065,4.611188849038055,1.3211883274860654,0.02125957464609517,"(-6.413, -5.957]"
1,0,2.5,[16 49  0 36 58 32 69 81 35 39],0.1664359170264784,0.14979232532383055,-6.189874110399876,0.7692880301070265,6.850127386668467,2.063626810786287,0.01836216900502968,"(-6.413, -5.957]"
1,0,3.0,[16 49 34 32 97  0 35 61 86 58],0.1250525531247091,0.11254729781223818,-6.604729569253978,0.7769631141170026,10.29842945851254,3.1325117909646445,0.015780007642195837,"(-6.891, -6.413]"
1,0,4.0,[16 49 97 32 34 35 86 61 81  0],0.1217488120949615,0.10957393088546535,-6.8563947402331795,0.7809892553645876,22.754963197938288,6.9015144287057835,0.010210654251753755,"(-6.891, -6.413]"
1,0,6.0,[16 89 32 81 86 35 61 34 49 97],0.15331263587606475,0.13798137228845828,-7.234661250371152,0.7845652973207257,110.85969442844416,31.299198175239813,0.006933080207445407,"(-7.3950000000000005, -6.891]"
1,0,8.0,[16 89 86 81 35 32 61 97 49 34],0.14456912470791902,0.13011221223712713,-7.234661250371152,0.7845652973207258,532.7649809952559,139.22969046173097,0.006933080207445406,"(-7.3950000000000005, -6.891]"
1,0,10.0,[16 89 86 81 35 32 61 97 49 34],0.26412859145780515,0.23771573231202464,-7.234661250371152,0.7845652973207258,2560.85138943149,621.6484433876931,0.006933080207445406,"(-7.3950000000000005, -6.891]"
1,0,15.0,[16 89 86 97 35 61 81 73 49 34],0.1279972186432955,0.11519749677896594,-7.3938000076262895,0.7852413288374676,131014.58733104123,27181.66970671798,0.006180045753779456,"(-7.3950000000000005, -6.891]"
1,0,20.0,[16 89 86 97 35 61 81 73 49 34],0.15067523273780026,0.13560770946402023,-7.3938000076262895,0.7852413288374676,6667888.704460502,1247011.5341628254,0.006180045753779456,"(-7.3950000000000005, -6.891]"
1,1,-3.0,[ 83 324 234  47 246  55  64 370  93  56],0.0,0.0,-3.1192712736642747,-0.1819749264503556,1.7319085287121356,0.4600844307229731,0.02696306775679683,"(-3.886, -2.71]"
1,1,-2.5,[ 83 324 234  47 246  55 370  64  93 359],0.0,0.0,-2.7844387423947468,-0.1757682092500597,1.5572061246546396,0.4124539960511779,0.033346339563994666,"(-3.886, -2.71]"
1,1,-2.0,[ 83 324 234  47 246 372  55  64 359  19],0.0,0.0,-2.4861352094676583,-0.17023703273410237,1.4097947915235856,0.3600905065563289,0.03858497622200899,"(-2.71, -2.195]"
1,1,-1.5,[ 83 324 234 246  55 372  19 359  64   1],0.0018309702619690206,0.0016478732357721186,-2.1615967734975663,-0.16164140142371872,1.2762210536781846,0.2992494186389361,0.03571634107112518,"(-2.195, -1.743]"
1,1,-1.0,[ 83 324 234 372 246  19 480  55 359   1],0.05015954477119329,0.045143590294073964,-1.6906424432900806,-0.14429952091483264,1.1570935417571007,0.22458743261700148,0.0572752287916296,"(-1.743, -1.493]"
1,1,-0.8,[ 83 324 234 372 246  19 480 359  55   1],0.0,0.0,-1.6906424432900806,-0.14429952091483264,1.1235291473054378,0.18924024044521323,0.0572752287916296,"(-1.743, -1.493]"
1,1,-0.6000000000000001,[ 83 324 234 372 480 246  19 359  52 329],0.059477477800437224,0.053529730020393504,-1.5466177320568537,-0.1339015066455273,1.0843551755115517,0.14987785568665116,0.06001043890563952,"(-1.743, -1.493]"
1,1,-0.4,[ 83 324 234 480 372 246  19 359   9  27],0.013869512737851725,0.012482561464066552,-1.5251747786327459,-0.13222037116170798,1.0546245309366347,0.10578672497525878,0.06099814946393228,"(-1.743, -1.493]"
1,1,-0.19999999999999996,[ 83 324 234 480 372 246  75 414 359   9],0.04911528756350142,0.04420375880715128,-1.3802842187534994,-0.10779328738797393,1.0219290521775672,0.05614386247482984,0.0817664263628262,"(-1.493, -0.943]"
1,1,0.0,[116 338  23 479 230 246 355  60 137 121],0.3171053161769112,0.28539478455922007,-0.9431747774991455,0.19258166041939123,1.0,0.0,0.3095839531295971,"(-1.493, -0.943]"
1,1,0.19999999999999996,[193 451 221 361 198  79 186 178 340 121],0.5924498111112876,0.5332048300001588,-1.6153232882791566,0.40505019340890297,1.086165841629768,0.06373991302471925,0.2867952447103725,"(-1.743, -1.493]"
1,1,0.40000000000000013,[193 198 186 451 121 178 221 168 161 135],0.3760494067990258,0.33844446611912327,-2.696704276329025,0.5741497172424955,1.2616723769251361,0.13633929035981748,0.18930011824405182,"(-2.71, -2.195]"
1,1,0.6000000000000001,[193 134 168 135 121 114 178 161 155 119],0.4571321256735704,0.41141891310621337,-3.641661958742666,0.6614094254036658,1.4882222075555795,0.21925606953085464,0.0634254649364286,"(-3.886, -2.71]"
1,1,0.8,[193 134 144 163 155 178 121 133 104 154],0.29342068067494004,0.26407861260744603,-4.314765462294779,0.7012654215867442,1.753981038520465,0.3141730302582818,0.0521474866451102,"(-4.939, -3.886]"
1,1,1.0,[193 134 144 163 155 183 104 157 154 133],0.37583048909092864,0.3382474401818358,-4.633649703455532,0.7185726490411366,2.053307070870349,0.4230329402275742,0.04170023932149956,"(-4.939, -3.886]"
1,1,1.5,[193 134 192 165 171 167 152 179 125 187],0.3119599335101403,0.28076394015912626,-5.386222413454287,0.7420156799381703,3.0472343468064205,0.771775796654477,0.03265993817074355,"(-5.957, -4.939]"
1,1,2.0,[193 134 165 192 171 167 146 120 147 170],0.2626040506801195,0.23634364561210755,-6.0249600990447085,0.7604791301997466,4.582944335968517,1.2683921574118204,0.02615942044496095,"(-6.413, -5.957]"
1,1,2.5,[193 170 194 138 165 111 120 116 147 100],0.25221792911968904,0.22699613620772013,-6.038570082035162,0.7610692031067899,6.717650184191048,1.9786146776301112,0.025530862742684502,"(-6.413, -5.957]"
1,1,3.0,[193 170 194 165 138 111 120 116 118 100],0.30730170929399886,0.27657153836459897,-6.386880966294721,0.7674521328708466,10.022534863012561,2.9970254694579186,0.023320150639545043,"(-6.413, -5.957]"
1,1,4.0,[193 170 153 146 165 111 118 134 171 120],0.14567671805879223,0.131109046252913,-6.777468896042841,0.774682690482614,22.25134018254915,6.563896676059639,0.02134049812356545,"(-6.891, -6.413]"
1,1,6.0,[193 170 153 165 118 146 111 183 134 109],0.14398838160400407,0.12958954344360366,-6.853376844843812,0.7750386151118716,105.45494988266046,29.337338949558188,0.021036797125395832,"(-6.891, -6.413]"
1,1,8.0,[193 170 153 118 165 146 111 183 109 120],0.13510257593707267,0.12159231834336541,-7.009466435908438,0.7760630309318483,503.3626488532407,128.61477676087083,0.019807784321565925,"(-7.3950000000000005, -6.891]"
1,1,10.0,[193 170 153 118 165 146 111 183 109 120],0.21415472591410967,0.1927392533226987,-7.009466435908438,0.7760630309318483,2393.9970278332726,566.9410181129781,0.019807784321565925,"(-7.3950000000000005, -6.891]"
1,1,15.0,[193 170 153 118 165 146 111 109 120 189],0.1005048901072485,0.09045440109652365,-7.092435765065681,0.7763641179112921,119338.80766743023,24297.258879499957,0.019505535624607488,"(-7.3950000000000005, -6.891]"
1,1,20.0,[193 170 153 118 165 146 111 109 120 189],0.21602130068032926,0.19441917061229635,-7.092435765065681,0.7763641179112921,5995052.57301094,1116249.0085627579,0.019505535624607488,"(-7.3950000000000005, -6.891]"
1,2,-3.0,[  1 411   2 391  12 448  44 186 431  76],0.0,0.0,-2.6244397585360932,-0.23374231631625825,2.0299312023718654,0.5439461133049124,0.03920233125785823,"(-2.71, -2.195]"
1,2,-2.5,[  1 411   2 391 448  12 186  44 431   5],0.0,0.0,-2.425879638345737,-0.23009175256758035,1.7858803100718326,0.4753027085890278,0.03887967279362369,"(-2.71, -2.195]"
1,2,-2.0,[  1 411   2 391 448  12 186  44 431   5],0.0,0.0,-2.425879638345737,-0.23009175256758035,1.5891279875377706,0.4051430623642151,0.03887967279362369,"(-2.71, -2.195]"
1,2,-1.5,[  1 411 391   2 186 448  12  44 426   5],0.0,0.0,-2.3406047339725498,-0.22755063943801987,1.4093904221377989,0.3292370127351247,0.04040292285495592,"(-2.71, -2.195]"
1,2,-1.0,[  1 411 391 186   2 448  12 426 155  44],0.0,0.0,-2.034659950519698,-0.21509363444010976,1.241991868848577,0.24195399170212564,0.05734967550535651,"(-2.195, -1.743]"
1,2,-0.8,[  1 411 391 186   2 426  12 155 413 386],0.015125783155509897,0.013613204839958908,-1.6440777556267194,-0.1923819929245682,1.1682767283076538,0.20223336665784494,0.0714406153079538,"(-1.743, -1.493]"
1,2,-0.6000000000000001,[  1 411 391 186   2 413 155  12 386 426],0.03200888809398559,0.028807999284587032,-1.6440777556267197,-0.1923819929245682,1.123382376777641,0.1589059209455376,0.07144061530795381,"(-1.743, -1.493]"
1,2,-0.4,[  1 411 391 186   5 413 155 386  12 137],0.05036900851629721,0.04533210766466749,-1.4906227975712874,-0.17467061292090466,1.072851635783843,0.11129135240884597,0.07518496250803931,"(-1.493, -0.943]"
1,2,-0.19999999999999996,[  1 411 391 186 197  23 413 386 382 155],0.0,0.0,-1.361325932268997,-0.143397481983833,1.0292522697089443,0.05861622072876414,0.08746380915373159,"(-1.493, -0.943]"
1,2,0.0,[116 338  23 479 230 246 355  60 137 121],0.20768966340562098,0.18692069706505887,-0.9431747774991455,0.06199367910262109,1.0,0.0,0.2790555659293648,"(-1.493, -0.943]"
1,2,0.19999999999999996,[247 309 256 140 416  82 278 215 114 264],0.4958868920458355,0.446298202841252,-1.543737953002759,0.37788407060588347,1.0805905348829528,0.0655610094884759,0.3109172348658031,"(-1.743, -1.493]"
1,2,0.40000000000000013,[247 256 226 269 233 309 140 262 254 255],0.5155211856849856,0.46396906711648706,-2.739707885899688,0.563909758364742,1.2573566013375121,0.13921224125866008,0.21148217295414293,"(-3.886, -2.71]"
1,2,0.6000000000000001,[247 256 226 233 269 253 262 255 284 268],0.3989017439047477,0.35901156951427293,-3.7563856288877124,0.6689200074889892,1.4945294616635896,0.22226227381809346,0.050418891032666564,"(-3.886, -2.71]"
1,2,0.8,[247 297 267 284 288 239 220 281 204 271],0.36124094790461125,0.3251168531141501,-3.9361181287869442,0.6840521477769389,1.7292360113914753,0.31620752826388704,0.03672575606921288,"(-4.939, -3.886]"
1,2,1.0,[247 297 272 274 266 284 255 221 278 281],0.25118065864135325,0.22606259277721794,-4.128185517767359,0.690491855963112,1.996418164987307,0.42276075222332243,0.04137409020142249,"(-4.939, -3.886]"
1,2,1.5,[247 297 272 274 279 265 228 222 206 276],0.26533761905410086,0.2388038571486908,-5.116503674292713,0.7284825644491962,2.9840915276205138,0.7578957696443498,0.022495473935841382,"(-5.957, -4.939]"
1,2,2.0,[247 297 286 279 222 274 299 298 273 201],0.26767554487180156,0.2409079903846214,-5.279387047802144,0.7346049989997079,4.351090338614183,1.2243243212698118,0.024709990288987113,"(-5.957, -4.939]"
1,2,2.5,[247 286 297 279 222 274 298 299 205 273],0.22480381098967755,0.2023234298907098,-5.331992800153515,0.7355225270148646,6.301193636513443,1.877750995286805,0.024954890768743482,"(-5.957, -4.939]"
1,2,3.0,[247 286 297 279 222 298 274 299 205 201],0.23281230985765455,0.2095310788718891,-5.590137440115682,0.740636646634879,9.239590799861972,2.797052945960012,0.018741083887710182,"(-5.957, -4.939]"
1,2,4.0,[247 286 298 279 222 276 274 228 205 299],0.17962575567335698,0.1616631801060213,-5.6128491484119465,0.7415704447089412,19.466703391218893,5.928032352371273,0.017311576487394075,"(-5.957, -4.939]"
1,2,6.0,[247 286 298 279 222 205 234 274 201 276],0.21705005466656163,0.19534504919990547,-5.877735286410866,0.7450120130699348,87.71428750143927,24.85863404279613,0.014805995534841403,"(-5.957, -4.939]"
1,2,8.0,[247 286 298 279 222 205 234 290 201 276],0.25169277086775466,0.2265234937809792,-6.058537947880348,0.7464267008038131,394.2764159084468,102.36196003762612,0.013028584055688217,"(-6.413, -5.957]"
1,2,10.0,[247 286 298 222 279 205 234 201 290 276],0.3308523123199297,0.2977670810879367,-6.058537947880348,0.746426700803813,1760.1593597965289,423.6719137936475,0.013028584055688217,"(-6.413, -5.957]"
1,2,15.0,[247 298 286 222 279 205 234 201 290 291],0.17068724138395863,0.15361851724556277,-6.2137646424359865,0.7470889275586341,74957.1448103935,15419.29126683628,0.012248573699197017,"(-6.413, -5.957]"
1,2,20.0,[247 298 286 205 279 234 222 201 290 291],0.22012400061049,0.19811160054944102,-6.213764642435987,0.7470889275586341,3189167.0669719805,594831.644523179,0.012248573699197018,"(-6.413, -5.957]"
1,3,-3.0,[456 117 181 290  17 159 403 168 138 217],0.0,0.0,-2.5472949479612628,-0.15484998497738997,1.5991817864518936,0.4077513492553191,0.0328940056920078,"(-2.71, -2.195]"
1,3,-2.5,[456 117 290 181  17 159 403 168 217 138],0.0,0.0,-2.5472949479612623,-0.15484998497738997,1.4777915459894309,0.37094022866658133,0.0328940056920078,"(-2.71, -2.195]"
1,3,-2.0,[456 117 290 181  17 159 403 168 217 432],0.0,0.0,-2.1918791887830493,-0.1474714376501884,1.3467123026589187,0.32831314600759254,0.03666479147793163,"(-2.195, -1.743]"
1,3,-1.5,[456 117 290  17 181 432 159 168 217 403],0.029108278624373568,0.026197450761936213,-2.1918791887830493,-0.1474714376501884,1.249488492696837,0.2762303238801591,0.03666479147793163,"(-2.195, -1.743]"
1,3,-1.0,[456 117 258  17 181 211 432 103 143 403],0.05581295684032606,0.050231661156293454,-1.8595052022654586,-0.13354798015565592,1.1440283701509573,0.2095338608864461,0.04467895270789871,"(-2.195, -1.743]"
1,3,-0.8,[456 117 258  17 181 211 432 143 103 413],0.02432557623019419,0.021893018607174772,-1.7299097084875605,-0.1257517493373253,1.1067161629059195,0.17721669065234996,0.049663981571572625,"(-1.743, -1.493]"
1,3,-0.6000000000000001,[456 117 258  17 211 143 432 181 103 413],0.010460067340072429,0.009414060606065186,-1.72990970848756,-0.1257517493373253,1.0788522974279346,0.14083541273183525,0.049663981571572625,"(-1.743, -1.493]"
1,3,-0.4,[456 138 258  17 211 168 432 161 159   9],0.08739638025767525,0.07865674223190773,-1.5832420471694464,-0.11439458962776247,1.0471298139544316,0.09971176979501171,0.060796616173933456,"(-1.743, -1.493]"
1,3,-0.19999999999999996,[456 138 258  17 211 430 161 168   9 246],0.06165348276596207,0.05548813448936586,-1.4636376205844843,-0.08124847504018551,1.0165293490954608,0.05306571378361514,0.08503230742118502,"(-1.493, -0.943]"
1,3,0.0,[116 338  23 479 230 246 355  60 137 121],0.3807191343432733,0.342647220908946,-0.9431747774991455,0.16515039340864787,1.0,0.0,0.2441903631881911,"(-1.493, -0.943]"
1,3,0.19999999999999996,[345  77 136 411 319 252 302 332  19 135],0.38293196692396814,0.34463877023157136,-1.3144834676751769,0.3273403840168492,1.069470396722686,0.06051759852239533,0.2899561315403322,"(-1.493, -0.943]"
1,3,0.40000000000000013,[345 319 302 332  66 364 378 331 495 197],0.602301959423976,0.5420717634815785,-2.202520926653711,0.5055756526374225,1.2299413965809811,0.12967483068610264,0.24643374794943454,"(-2.71, -2.195]"
1,3,0.6000000000000001,[345 388 361 302 378 373 364 316 357 324],0.33176288994176384,0.2985866009475875,-3.9172107742426654,0.678337968051467,1.5031406082961911,0.20883869354403808,0.05506437500881066,"(-4.939, -3.886]"
1,3,0.8,[345 388 361 397 346 365 354 353 336 374],0.2650844564062582,0.2385760107656324,-4.386591285273683,0.7068732844463599,1.7615526355470332,0.2995828448195086,0.04636316749722869,"(-4.939, -3.886]"
1,3,1.0,[345 388 305 353 314 354 386 300 398 304],0.325410623646125,0.2928695612815125,-4.321083671163079,0.7007700658122177,2.0177982393880947,0.4037192792747184,0.04931457073881931,"(-4.939, -3.886]"
1,3,1.5,[345 397 346 361 388 385 310 336 373 326],0.22113880529241423,0.1990249247631728,-4.940076218239048,0.7283671625795549,2.9866471829510135,0.7371397767514332,0.0373633231150363,"(-5.957, -4.939]"
1,3,2.0,[345 323 344 385 388 397 361 346 375 336],0.27750489274127604,0.24975440346714844,-5.450447173652025,0.7419234725870206,4.419468059918474,1.2105141882219244,0.032640453257237786,"(-5.957, -4.939]"
1,3,2.5,[345 323 344 385 350 375 397 328 336 366],0.20461589113951717,0.18415430202556546,-5.824494701035097,0.7513144342693606,6.5596534521489245,1.8842508096186632,0.028858349767453922,"(-5.957, -4.939]"
1,3,3.0,[345 322 375 397 310 385 346 328 300 344],0.23363787656352564,0.21027408890717308,-5.956954850010795,0.7555429021654056,9.671085504544783,2.8446577079969577,0.023149723791949836,"(-6.413, -5.957]"
1,3,4.0,[345 322 375 310 385 397 346 328 300 344],0.1704031857799849,0.1533628672019864,-5.956954850010794,0.7555429021654056,20.629002846293265,6.172735056317821,0.023149723791949836,"(-6.413, -5.957]"
1,3,6.0,[345 350 375 310 385 344 397 322 346 328],0.1966198701462869,0.17695788313165822,-6.241160292596115,0.7587231649434256,95.83943532220682,26.912164634433108,0.02319995934695195,"(-6.413, -5.957]"
1,3,8.0,[345 350 375 310 322 385 371 363 328 323],0.20758766528217779,0.18682889875396,-6.384252430536294,0.7596813539177859,443.6541799572906,114.71033778867316,0.02242318190064066,"(-6.413, -5.957]"
1,3,10.0,[345 350 375 310 322 385 371 363 321 346],0.19065543847970898,0.17158989463173807,-6.464989938410419,0.7601070938203098,2055.827886017516,491.660917604285,0.022113139791121558,"(-6.891, -6.413]"
1,3,15.0,[345 350 375 322 310 385 344 371 363 321],0.2747409737472798,0.24726687637255182,-6.6171417255196054,0.7608579811625734,96251.80517903755,19872.007248153066,0.021513335631983654,"(-6.891, -6.413]"
1,3,20.0,[345 350 375 322 310 385 344 371 363 321],0.2244514071923717,0.20200626647313452,-6.6171417255196054,0.7608579811625734,4561179.81334223,887017.4403273176,0.021513335631983654,"(-6.891, -6.413]"
1,4,-3.0,[278 227 377 201  75 291 242 206 313 268],0.0,0.0,-2.852346766399541,-0.20028095403352433,1.8290502560818644,0.477302763766596,0.025453561715546743,"(-3.886, -2.71]"
1,4,-2.5,[278 227 377  75 201 295 242 206  51 313],0.0,0.0,-2.501331795555469,-0.19402750329488522,1.627898696749289,0.4242563446932809,0.026572535028892855,"(-2.71, -2.195]"
1,4,-2.0,[278 227 377  75 201 295  51 242 206 313],0.0,0.0,-2.501331795555469,-0.19402750329488522,1.4762052917982573,0.3679132714178298,0.026572535028892858,"(-2.71, -2.195]"
1,4,-1.5,[278 377  75 227 201 242  51 206 312 157],0.053022111910783085,0.04771990071970478,-1.7924255516799783,-0.17339645503962445,1.3009216038525993,0.3042809052905546,0.05208949178997879,"(-2.195, -1.743]"
1,4,-1.0,[278 377  75 227 201 157 312  51 206 242],0.0,0.0,-1.7924255516799787,-0.17339645503962445,1.190925864176784,0.22769397691007845,0.05208949178997879,"(-2.195, -1.743]"
1,4,-0.8,[278 377  75 227 157 312 201  51 206 242],0.0,0.0,-1.7924255516799785,-0.17339645503962445,1.1497840119893616,0.1917282305235081,0.05208949178997879,"(-2.195, -1.743]"
1,4,-0.6000000000000001,[278 377  75 227 157 312  51 206 242 384],0.0,0.0,-1.5905090122261827,-0.15779818854233077,1.0999456348923773,0.15178606893501517,0.05703498514815243,"(-1.743, -1.493]"
1,4,-0.4,[278 313  75 157 227 383  51 206 151 242],0.0,0.0,-1.5424701913550525,-0.14710945275640386,1.0610989952877319,0.10711639824578585,0.07635912484882139,"(-1.743, -1.493]"
1,4,-0.19999999999999996,[278 313  75 157 227 383 175  51 206 414],0.0,0.0,-1.1510130935510645,-0.055793261572474315,1.0124035892968484,0.05685364007180699,0.24567678108663385,"(-1.493, -0.943]"
1,4,0.0,[116 338  23 479 230 246 355  60 137 121],0.24317533141481879,0.2188577982733369,-0.9431747774991455,0.10552962295318316,1.0,0.0,0.2510546218004814,"(-1.493, -0.943]"
1,4,0.19999999999999996,[479 136  92 393 432 276 114 413 490 389],0.45460225402702203,0.40914202862431986,-1.493079928780238,0.33241871634300113,1.070686385230563,0.06459510469273945,0.3004244510990356,"(-1.743, -1.493]"
1,4,0.40000000000000013,[479 432 409 189  92 426 413 349 490 402],0.48520423276287994,0.43668380948659197,-2.706315487916566,0.5357407153196367,1.2448267060373985,0.13825892649748142,0.24572508396990178,"(-2.71, -2.195]"
1,4,0.6000000000000001,[479 409 432 426 412 413 490 468 467 487],0.3086082969688889,0.27774746727200006,-4.313454481572844,0.6981673152606664,1.5210387821087719,0.22252312006291508,0.05215151611472928,"(-4.939, -3.886]"
1,4,0.8,[479 446 493 432 499 470 478 437 448 442],0.3611258515323673,0.3250132663791306,-4.563607582043193,0.7102533614414959,1.7663495535808367,0.3191559520345129,0.04706095174006824,"(-4.939, -3.886]"
1,4,1.0,[479 451 409 426 405 442 403 430 455 418],0.21941039096963852,0.19746935187267467,-4.937706082665908,0.7268000657347129,2.0705437299068663,0.4301997131601584,0.04466351655842418,"(-4.939, -3.886]"
1,4,1.5,[479 451 429 499 446 455 403 484 409 427],0.24160694314280567,0.21744624882852512,-5.471392667951657,0.7447914649153079,3.060534444343482,0.7872626340486524,0.03500429200280125,"(-5.957, -4.939]"
1,4,2.0,[479 451 429 441 455 439 426 420 443 481],0.23070976636178198,0.2076387897256038,-6.170187403671602,0.7666314749907978,4.641030541363923,1.2983508046113355,0.028940061318062052,"(-6.413, -5.957]"
1,4,2.5,[479 451 429 441 463 439 443 419 456 436],0.16686784095383608,0.15018105685845248,-6.642407749344986,0.7774546920274072,6.991747565908808,2.032877663705836,0.018618997296268616,"(-6.891, -6.413]"
1,4,3.0,[479 451 443 419 481 441 436 400 439 456],0.16964859023365508,0.15268373121028958,-6.641921245369248,0.7789208907102927,10.36261568791513,3.0909994914649346,0.01781443361874889,"(-6.891, -6.413]"
1,4,4.0,[479 451 443 419 481 441 436 400 439 408],0.12239011408458494,0.11015110267612645,-6.890609661824536,0.7824880245177396,22.91239048782581,6.821707255700176,0.014513851013461625,"(-7.3950000000000005, -6.891]"
1,4,6.0,[479 451 443 419 408 441 436 400 481 439],0.14689562247558302,0.13220606022802472,-6.890609661824537,0.7824880245177395,109.82159534901413,30.932077894336217,0.014513851013461625,"(-7.3950000000000005, -6.891]"
1,4,8.0,[479 451 443 408 441 419 436 481 400 439],0.19956163590584386,0.17960547231525947,-6.890609661824537,0.7824880245177395,526.8794171271139,137.3410836127943,0.014513851013461625,"(-7.3950000000000005, -6.891]"
1,4,10.0,[479 451 408 443 441 419 436 481 400 439],0.06267098629643425,0.056403887666790824,-6.890609661824537,0.7824880245177395,2530.198166227676,612.0873157058745,0.014513851013461625,"(-7.3950000000000005, -6.891]"
1,4,15.0,[479 451 408 443 441 436 419 481 439 400],0.15574264307881022,0.1401683787709292,-6.890609661824536,0.7824880245177395,128436.81429536024,26770.873691488134,0.014513851013461625,"(-7.3950000000000005, -6.891]"
1,4,20.0,[479 451 408 443 441 436 419 481 439 400],0.13443333912675753,0.12099000521408178,-6.890609661824536,0.7824880245177395,6563667.076870104,1244486.953909177,0.014513851013461625,"(-7.3950000000000005, -6.891]"
1,5,-3.0,[266 238 193 289 211 263 444 214 262 196],0.0,0.0,-2.8983253684602053,-0.22276782550558166,1.9631877731734064,0.5235887748639506,0.03749753052945021,"(-3.886, -2.71]"
1,5,-2.5,[266 193 238 289 211 444 263 214 262 196],0.01990083416710907,0.017910750750398163,-2.8983253684602053,-0.22276782550558166,1.7529123189431357,0.46035782771715406,0.03749753052945021,"(-3.886, -2.71]"
1,5,-2.0,[266 193 289 238 444 211 263 214 262 157],0.0,0.0,-2.8134555326429895,-0.22089508540503205,1.5602604195514396,0.39511964221462603,0.039239832895809006,"(-3.886, -2.71]"
1,5,-1.5,[266 193 289 444 238 211 214 331 263 262],0.027057009103563054,0.024351308193206748,-2.438672706830407,-0.21001538219006802,1.3756125144204276,0.32367014413226636,0.05970912342574159,"(-2.71, -2.195]"
1,5,-1.0,[266 193 289 444 331 269 238 268 162 211],0.02272501314653945,0.020452511831885505,-2.152047991519651,-0.19804996983787643,1.2213554713940655,0.2401205517744766,0.06217089133848929,"(-2.195, -1.743]"
1,5,-0.8,[266 193 444 289 331 269 268 238 162 447],0.0,0.0,-1.861498486861612,-0.18085934817878288,1.1575394865020159,0.20155374958658917,0.0710785801641116,"(-2.195, -1.743]"
1,5,-0.6000000000000001,[266 193 444 289 331 269 268 447 162 129],0.002332136007733439,0.0020989224069600954,-1.6905254685435707,-0.16680477576329722,1.1061097511141462,0.159089144230032,0.0652335200050887,"(-1.743, -1.493]"
1,5,-0.4,[266 193 444 331 289 269 493 250 355 178],0.031106186986541457,0.027995568287887313,-1.4208004149654456,-0.13778804511165407,1.057391971095178,0.1119558931759537,0.09304665984442229,"(-1.493, -0.943]"
1,5,-0.19999999999999996,[266 193 489 331 285 355 262 459 319 135],0.020388242977200148,0.018349418679480135,-1.2528846217953078,-0.08015350468661772,1.016483610122457,0.059266761653380726,0.12633968138664006,"(-1.493, -0.943]"
1,5,0.0,[116 338  23 479 230 246 355  60 137 121],0.2773608261150363,0.2496247435035327,-0.9431747774991455,0.11289702859259283,1.0,0.0,0.30893847278118464,"(-1.493, -0.943]"
1,5,0.19999999999999996,[ 89 327 485 173 227  62  83 364 229  19],0.4470041994045645,0.40230377946410806,-1.6134402853447671,0.3569192801625373,1.0759615201433133,0.06702169913543263,0.30205260773816234,"(-1.743, -1.493]"
1,5,0.40000000000000013,[ 89   3  79  57 327 485  38  27 173  45],0.4857079838768889,0.4371371854892,-2.8305970866724293,0.5440204095036443,1.2488578835797437,0.143155651456433,0.24431361087051834,"(-3.886, -2.71]"
1,5,0.6000000000000001,[89 66  3 83 54  8 82 15 23  9],0.21876902060445386,0.19689211854400848,-4.381535367600251,0.6977799920601309,1.5204759556531804,0.22996760345157197,0.04428984050337062,"(-4.939, -3.886]"
1,5,0.8,[89 66  3 83 54 88 15 82 23 22],0.2565776655604426,0.23091989900439833,-4.691843481944343,0.7163907740887806,1.7746882437806473,0.32926477847127944,0.03985996210559469,"(-4.939, -3.886]"
1,5,1.0,[89 32  5 65  4 99 56 15 95 10],0.2972743992457492,0.2675469593211743,-5.007545065495128,0.7346514874258846,2.085949498892499,0.44313430032423384,0.03371603364822831,"(-5.957, -4.939]"
1,5,1.5,[89 32 65 66 88 15 18 67  5 46],0.18365458093228731,0.16528912283905858,-5.508290130414223,0.74880076173498,3.0781378094898897,0.8083301154753922,0.031633158157765566,"(-5.957, -4.939]"
1,5,2.0,[89 32 81 65 35 86 67  5 88  7],0.2021743479173405,0.18195691312560647,-6.332151652391498,0.7763313586868276,4.7293321814240965,1.3299921815885736,0.024026745969571762,"(-6.413, -5.957]"
1,5,2.5,[89 32 81 65 35 86 67 88  7 80],0.14794137839939903,0.13314724055945912,-6.565595102883593,0.7814895566783401,7.05807441730102,2.0791657413616464,0.011987445858694342,"(-6.891, -6.413]"
1,5,3.0,[89 32 81 35 65 86 67  7 88 80],0.2228104097165063,0.2005293687448557,-6.565595102883593,0.7814895566783401,10.434463441536701,3.1585017078381585,0.011987445858694344,"(-6.891, -6.413]"
1,5,4.0,[89 32 81 35 16 86 65  7 67 88],0.22622785200016748,0.20360506680015075,-6.795344258485482,0.7849287414300956,23.119475190193164,6.968800350272407,0.010987319234747982,"(-6.891, -6.413]"
1,5,6.0,[89 16 32 35 81 86  7 97 49 88],0.15883860708636513,0.14295474637772862,-7.164822426040107,0.7884095595769465,113.47675424888124,31.709179490382486,0.00800028873729334,"(-7.3950000000000005, -6.891]"
1,5,8.0,[89 16 35 86 81 32  7 97 49 61],0.146609077684032,0.1319481699156288,-7.245042572507274,0.78895123969641,551.7914961851138,141.65410117723687,0.007001364338977945,"(-7.3950000000000005, -6.891]"
1,5,10.0,[89 16 35 86 97 32  7 81 49 61],0.14937425422324835,0.13443682880092353,-7.245042572507273,0.78895123969641,2675.648082636403,635.6909136425402,0.007001364338977945,"(-7.3950000000000005, -6.891]"
1,5,15.0,[89 16 35 86 97  7 32 81 49 61],0.14628021002469602,0.13165218902222642,-7.245042572507273,0.78895123969641,138652.4058697123,28224.8751790294,0.007001364338977945,"(-7.3950000000000005, -6.891]"
1,5,20.0,[89 16 35 86 97  7 32 81 49 61],0.20693527765671405,0.18624174989104264,-7.245042572507273,0.78895123969641,7193483.489239039,1318206.5323507045,0.007001364338977945,"(-7.3950000000000005, -6.891]"
1,6,-3.0,[ 47  83 324 234  19  55  56  93 359  64],0.054083602687992616,0.048675242419193354,-3.2388290733549185,-0.19384398863915933,1.7983402332208798,0.4818321740928424,0.0342419656454142,"(-3.886, -2.71]"
1,6,-2.5,[ 47 324  83 234  19  55 359  93  56  64],0.0,0.0,-3.2388290733549185,-0.19384398863915933,1.6295545987617968,0.42845545185859457,0.0342419656454142,"(-3.886, -2.71]"
1,6,-2.0,[ 47 324 234  83  19 359  55 246  64  56],0.0,0.0,-2.905036061859663,-0.18747590167827596,1.45964809471075,0.3713385883968394,0.0401966033853129,"(-3.886, -2.71]"
1,6,-1.5,[ 47 324 234  83 359  19 246  59 372  64],0.03730109978657658,0.03357098980791892,-2.35305174412679,-0.1748085893133727,1.3030318880163283,0.30662127367385267,0.046821062798621284,"(-2.71, -2.195]"
1,6,-1.0,[ 47 324 234  93 372 246 433 359  59  19],0.0,0.0,-1.839423181971338,-0.15063923908715732,1.1649029187229025,0.22885222229562546,0.06375627548897152,"(-2.195, -1.743]"
1,6,-0.8,[ 47 324 234 372  93 433 246 359  59  19],0.0,0.0,-1.8394231819713376,-0.15063923908715732,1.1295222209750793,0.1924556407544098,0.06375627548897152,"(-2.195, -1.743]"
1,6,-0.6000000000000001,[ 47 324 234 372 433  93 246 359  59 213],0.11985985375632205,0.10787386838068985,-1.6309191553310955,-0.13727210269814977,1.086703378146694,0.15214621665804984,0.06621116905144576,"(-1.743, -1.493]"
1,6,-0.4,[ 47 324 234 433 372 246   9 359  59 213],0.010746663266903695,0.009671996940213326,-1.5070308216133634,-0.12652592064446333,1.0522782837379028,0.10720582919589086,0.06587473251073726,"(-1.743, -1.493]"
1,6,-0.19999999999999996,[ 47 324 234 433 372 246   9 359 121 367],0.07527377606393758,0.06774639845754382,-1.1856239363684167,-0.046217132622165494,1.0102803134520828,0.05680775810928648,0.22557134844608506,"(-1.493, -0.943]"
1,6,0.0,[116 338  23 479 230 246 355  60 137 121],0.29833900764138366,0.2685051068772453,-0.9431747774991455,0.18158039608603158,1.0,0.0,0.31382638312092126,"(-1.493, -0.943]"
1,6,0.19999999999999996,[193 451 221 325  79 198 178 186 121 338],0.5287997657184823,0.4759197891466341,-1.615130178667995,0.38840961676044894,1.082597115458736,0.06431404675433061,0.2900536188147615,"(-1.743, -1.493]"
1,6,0.40000000000000013,[193 150 168 451 135 289 121 114 137 325],0.45075271148413104,0.40567744033571795,-2.353562745781632,0.5070802225080457,1.2303929433667053,0.13739795809199973,0.240058254108999,"(-2.71, -2.195]"
1,6,0.6000000000000001,[193 150 168 198 137 121 186 175 161 178],0.4677960011024309,0.42101640099218784,-3.8073471712762905,0.6641017393197272,1.4904190026747597,0.2207082186435723,0.05713962326956611,"(-3.886, -2.71]"
1,6,0.8,[193 150 168 134 192 155 113 161 135 186],0.3726478132246847,0.33538303190221624,-4.2936874052654215,0.6941725029986252,1.744434018821147,0.31592428976040093,0.05834651539813132,"(-4.939, -3.886]"
1,6,1.0,[193 150 120 160 113 175 155 134 197 167],0.28657191590831144,0.2579147243174803,-4.8384456446660185,0.722064814551531,2.0604008937810656,0.4249834769096164,0.04080970385404532,"(-4.939, -3.886]"
1,6,1.5,[193 132 169 113 134 163 136 183 103 194],0.22596174080652992,0.20336556672587694,-5.320013323373107,0.7414302909655425,3.043988076962716,0.7737287970002705,0.0301130874227658,"(-5.957, -4.939]"
1,6,2.0,[193 183 165 150 120 167 170 148 138 100],0.2112432628835658,0.1901189365952092,-6.122362166161454,0.7634146793620119,4.609583486081229,1.269457532781322,0.02557662618668732,"(-6.413, -5.957]"
1,6,2.5,[193 170 165 183 150 118 120 148 130 138],0.24609173865925718,0.22148256479333148,-6.352413730480189,0.7683746642889241,6.842122029324747,1.9775382909161219,0.02638030250783151,"(-6.413, -5.957]"
1,6,3.0,[193 170 165 183 118 132 120 148 150 130],0.3185180787044261,0.2866662708339835,-6.47920053643648,0.7708644959025244,10.125886445924262,2.9919720190838355,0.023657338639617453,"(-6.891, -6.413]"
1,6,4.0,[193 170 165 118 183 120 132 148 153 100],0.24040463351280345,0.2163641701615231,-7.029909253340492,0.7781938404991717,22.535984217933414,6.54139838969023,0.01709090190828272,"(-7.3950000000000005, -6.891]"
1,6,6.0,[193 170 165 118 183 153 120 148 132 109],0.21292150426202225,0.19162935383582003,-7.101863420388886,0.7789676988380493,107.62129004326994,29.176756682410556,0.01634837294445105,"(-7.3950000000000005, -6.891]"
1,6,8.0,[193 170 118 165 153 183 120 148 109 132],0.16442866693575842,0.14798580024218258,-7.101863420388886,0.7789676988380493,513.0086856789751,127.7993881312993,0.01634837294445105,"(-7.3950000000000005, -6.891]"
1,6,10.0,[193 170 118 165 153 183 120 148 109 132],0.22390161044031998,0.20151144939628798,-7.101863420388886,0.7789676988380493,2448.003730895167,563.2283486511519,0.01634837294445105,"(-7.3950000000000005, -6.891]"
1,6,15.0,[193 170 118 165 153 183 120 109 148 169],0.13978822352188608,0.12580940116969747,-7.2790897806587616,0.7796475293635685,123213.8759757198,24131.99267883872,0.015441597081637266,"(-7.3950000000000005, -6.891]"
1,6,20.0,[193 170 118 165 153 183 120 109 148 169],0.1737029347407786,0.15633264126670074,-7.2790897806587616,0.7796475293635685,6204612.7190142255,1103918.7523536438,0.015441597081637266,"(-7.3950000000000005, -6.891]"
1,7,-3.0,[ 67 411   1  46 448 391  12 186   2  44],0.0,0.0,-3.040086538643491,-0.2383361780338984,2.0591788132590256,0.5512940352857001,0.04072819092653607,"(-3.886, -2.71]"
1,7,-2.5,[ 67 411   1  46 448 391 186  12   5  44],0.0,0.0,-2.73308097400218,-0.23238641999311285,1.7959704954022933,0.4809542899504488,0.038471010363362854,"(-3.886, -2.71]"
1,7,-2.0,[ 67 411  46 391 186 448   1  12   5 431],0.0,0.0,-2.5952845508174303,-0.22961651455556092,1.5875039622519265,0.4093812031798127,0.03832423333061325,"(-2.71, -2.195]"
1,7,-1.5,[ 67 411 391 186  46 448   1   5  12 470],0.0,0.0,-2.5185755051644256,-0.2273887813325183,1.408941547510562,0.3322854990539954,0.039495341932964896,"(-2.71, -2.195]"
1,7,-1.0,[ 67 411 391 186  46 448 155   5  12 413],0.0,0.0,-2.0751585852861596,-0.20886053806671692,1.2336216672009401,0.24396585826442882,0.04685947352770751,"(-2.195, -1.743]"
1,7,-0.8,[ 67 411 391 186 448  46 155   5 413  12],0.0,0.0,-2.075158585286159,-0.20886053806671692,1.1826870064061736,0.203853957450752,0.04685947352770751,"(-2.195, -1.743]"
1,7,-0.6000000000000001,[ 67 411 391 186 413  46 155 431 386   5],0.033796580482476746,0.030416922434229072,-1.7436164569013677,-0.18781737063268447,1.1202182388738566,0.16013839548344047,0.06840286727541606,"(-2.195, -1.743]"
1,7,-0.4,[ 67 411 391 186 413 155  46 386 137 426],0.0053946752484023705,0.004855207723562133,-1.5449320443463717,-0.16947925427651325,1.0705995435569016,0.11213077853327896,0.07315368885433096,"(-1.743, -1.493]"
1,7,-0.19999999999999996,[ 67 411 391 186 155 413 386 137   5 422],0.0,0.0,-1.4643821450240069,-0.1548060966926354,1.0315778909277427,0.05904838793019278,0.0801098873747445,"(-1.493, -0.943]"
1,7,0.0,[116 338  23 479 230 246 355  60 137 121],0.24738710735339026,0.22264839661805125,-0.9431747774991455,0.06436744310403106,1.0,0.0,0.2824409228415786,"(-1.493, -0.943]"
1,7,0.19999999999999996,[222 200 309 169 416  28 243 246 293 254],0.5675645957662944,0.5108081361896649,-1.7382424952300064,0.43275544467978877,1.0922926989839001,0.06603047875538592,0.2952127726329862,"(-1.743, -1.493]"
1,7,0.40000000000000013,[222 200 231 250 243 309 246 254 169 224],0.3797701805801385,0.34179316252212466,-2.6411174835051368,0.5622552342333543,1.2566165605062978,0.1402029006433285,0.21382621745761177,"(-2.71, -2.195]"
1,7,0.6000000000000001,[222 200 231 250 243 246 254 204 273 203],0.30960709488813415,0.27864638539932074,-3.5769817626065445,0.66592781933066,1.4918257845339844,0.22384267923586157,0.04943706445143328,"(-3.886, -2.71]"
1,7,0.8,[222 200 231 250 201 220 243 206 245 202],0.3563575295876027,0.32072177662884244,-3.944943836291044,0.6910012099108804,1.739312508966011,0.31846595212606554,0.04643719109194319,"(-4.939, -3.886]"
1,7,1.0,[222 234 279 288 205 220 285 206 218 246],0.3136835269135955,0.28231517422223595,-4.431406205293922,0.707844142696569,2.0316659245480944,0.42580861742029824,0.044994167979023586,"(-4.939, -3.886]"
1,7,1.5,[222 234 279 205 288 274 247 245 295 202],0.26097232700174056,0.2348750943015665,-5.098653700330856,0.732162861336576,3.0022832098315773,0.7635956796485931,0.03169567180214243,"(-5.957, -4.939]"
1,7,2.0,[222 234 279 205 247 274 288 245 202 298],0.2926032141155677,0.26334289270401096,-5.419820798807439,0.740606925737315,4.405173836482349,1.2341350799635304,0.028052658359093912,"(-5.957, -4.939]"
1,7,2.5,[222 234 247 279 205 274 286 298 245 273],0.34061526776610823,0.3065537409894974,-5.631139419694103,0.7454419062188335,6.459800183846579,1.8940106589466414,0.025409371993033215,"(-5.957, -4.939]"
1,7,3.0,[222 234 247 279 205 286 298 274 245 273],0.18826794035335342,0.1694411463180181,-5.631139419694101,0.7454419062188335,9.385720079347164,2.823439713376687,0.025409371993033215,"(-5.957, -4.939]"
1,7,4.0,[222 247 234 205 279 298 286 274 245 228],0.2273386048807052,0.20460474439263468,-5.8249214198337755,0.7485998969973515,20.0424550769814,5.994963878790936,0.02087458075865603,"(-5.957, -4.939]"
1,7,6.0,[222 247 234 205 298 286 279 291 232 228],0.216811503229765,0.1951303529067885,-6.147599502389393,0.7517301682604944,91.42807889346821,25.253898755290273,0.016993996733018032,"(-6.413, -5.957]"
1,7,8.0,[222 247 234 205 298 286 279 291 232 228],0.22834524089121103,0.20551071680208993,-6.147599502389393,0.7517301682604944,412.82122044873984,104.56104903421202,0.016993996733018032,"(-6.413, -5.957]"
1,7,10.0,[222 247 234 298 205 286 279 291 232 228],0.15689859459782507,0.14120873513804258,-6.147599502389394,0.7517301682604944,1866.0866651502442,435.5842602329477,0.016993996733018032,"(-6.413, -5.957]"
1,7,15.0,[222 247 298 234 205 286 291 279 228 232],0.2414520750666122,0.217306867559951,-6.147599502389394,0.7517301682604944,81461.29127896749,16198.01963649296,0.016993996733018032,"(-6.413, -5.957]"
1,7,20.0,[222 247 298 234 205 286 291 279 228 232],0.2199156319348114,0.19792406874133026,-6.147599502389394,0.7517301682604944,3579965.5534346313,643517.7431933252,0.016993996733018032,"(-6.413, -5.957]"
1,8,-3.0,[456 117 264 168 403 138  17 181 217 159],0.0736770389026703,0.06630933501240327,-2.4974025428218165,-0.15637463604156016,1.6110177050609185,0.4095638776470265,0.041426776238212434,"(-2.71, -2.195]"
1,8,-2.5,[456 117 264 168 403 138  17 231 181 159],0.0,0.0,-2.5133858054660596,-0.156541372304832,1.4868896831526717,0.3720967556890406,0.04126415762171496,"(-2.71, -2.195]"
1,8,-2.0,[456 117 264 168 403  17 138 231 432 159],0.0,0.0,-2.2756368182845645,-0.15119539673371415,1.3583515558475916,0.3289449391993016,0.04388175638605711,"(-2.71, -2.195]"
1,8,-1.5,[456 117 231  17 181 403 168 264 432 159],0.0,0.0,-2.1421085684750896,-0.14809085482238937,1.2512494577005377,0.2764686230956878,0.04202920941937546,"(-2.195, -1.743]"
1,8,-1.0,[456 117 231  17 168 432 264 151 403 253],0.007179713236635798,0.006461741912972218,-1.773253871907383,-0.13037893899664513,1.141012470965134,0.20951879167295287,0.055305692386381056,"(-2.195, -1.743]"
1,8,-0.8,[456 117 231  17 168 432 264 151 403 253],0.0,0.0,-1.773253871907383,-0.13037893899664513,1.1110282309451307,0.1771436992815936,0.055305692386381056,"(-2.195, -1.743]"
1,8,-0.6000000000000001,[456 117 231  17 432 143 250 181 253 403],0.0,0.0,-1.7415669600594337,-0.1220815462831697,1.0767776381743823,0.14073211822052978,0.06336623546085292,"(-1.743, -1.493]"
1,8,-0.4,[456 138 231  17 168 432 250 114 289   9],0.05523176213289996,0.049708585919609964,-1.4997949121165075,-0.10284777805009895,1.0423870663316064,0.09960833150111714,0.06827306309984052,"(-1.743, -1.493]"
1,8,-0.19999999999999996,[456 138 231  17 250 430 114  55 135 200],0.08266027895418147,0.07439425105876332,-1.347079350589482,-0.060869517759969204,1.0124045776408948,0.052995428067395704,0.0876726018796587,"(-1.493, -0.943]"
1,8,0.0,[116 338  23 479 230 246 355  60 137 121],0.31666788952790353,0.2850011005751132,-0.9431747774991455,0.1669597474311053,1.0,0.0,0.2504441984100629,"(-1.493, -0.943]"
1,8,0.19999999999999996,[345  66 406 195 319 210 302 332 364 378],0.5885617885249507,0.5297056096724556,-1.7910337104981218,0.4415379362468121,1.0939505682856026,0.06040552185983884,0.2736530654267244,"(-2.195, -1.743]"
1,8,0.40000000000000013,[345 319 302 343  66 378 331 495 364 332],0.5012954979543095,0.45116594815887856,-2.71256840220434,0.56666266430642,1.258487749747839,0.12940326557860637,0.20485333996553415,"(-3.886, -2.71]"
1,8,0.6000000000000001,[345 388 361 378 302 343 319 324 329 395],0.5046477012790191,0.45418293115111724,-3.8548743762911273,0.6737251809917383,1.4991068326790198,0.2083534786034055,0.05897064957643597,"(-3.886, -2.71]"
1,8,0.8,[345 397 343 361 388 314 325 319 353 304],0.3428846278570271,0.3085961650713244,-4.2132360330282035,0.6971403451076164,1.7482365815774135,0.29882174734820915,0.05264026084281244,"(-4.939, -3.886]"
1,8,1.0,[345 397 343 361 388 314 325 353 304 393],0.30363484362011084,0.27327135925809976,-4.336776320363487,0.7039492107473118,2.0238079616759093,0.40261044946840885,0.044973564532791686,"(-4.939, -3.886]"
1,8,1.5,[345 397 361 343 366 310 325 389 393 383],0.2177300622083732,0.1959570559875359,-4.7016771691218375,0.7229955934101518,2.9625259923388083,0.7347670434821202,0.036628780719296664,"(-4.939, -3.886]"
1,8,2.0,[345 322 397 328 383 343 370 310 385 341],0.1863422520049799,0.1677080268044819,-5.321557912673787,0.7427583360289239,4.426256581191302,1.2061077456844507,0.031611545228749476,"(-5.957, -4.939]"
1,8,2.5,[345 322 397 328 310 385 370 371 375 341],0.2662541953081358,0.23962877577732225,-5.909221131659326,0.7552943300642152,6.62075717376146,1.8766747395291001,0.024806213826646845,"(-5.957, -4.939]"
1,8,3.0,[345 322 371 375 397 310 385 328 370 341],0.25336005461466765,0.2280240491532009,-5.909221131659326,0.7552943300642153,9.667214793488203,2.832232372564547,0.024806213826646842,"(-5.957, -4.939]"
1,8,4.0,[345 322 371 375 397 310 385 328 350 321],0.19463318964258208,0.17516987067832387,-6.413404000378529,0.7622210125646142,21.181956347281695,6.142009820731621,0.0227210680768214,"(-6.891, -6.413]"
1,8,6.0,[345 322 371 375 350 397 321 310 385 328],0.1878991852284646,0.16910926670561816,-6.413404000378529,0.7622210125646142,97.81495088634107,26.75467104247823,0.022721068076821397,"(-6.891, -6.413]"
1,8,8.0,[345 322 371 375 350 321 397 310 385 328],0.15473788357909737,0.13926409522118763,-6.413404000378529,0.7622210125646142,452.7667961664921,114.00676234577583,0.022721068076821397,"(-6.891, -6.413]"
1,8,10.0,[345 322 350 371 375 321 397 310 385 328],0.1907997469412439,0.1717197722471195,-6.413404000378527,0.7622210125646142,2100.9616240483383,488.8674303626077,0.0227210680768214,"(-6.413, -5.957]"
1,8,15.0,[345 350 322 375 371 321 397 310 385 344],0.2020563729123288,0.18185073562109594,-6.515868327629168,0.762638544838522,98992.55502185848,19838.545077598832,0.022321951430138924,"(-6.891, -6.413]"
1,8,20.0,[345 350 322 375 371 321 397 310 385 344],0.09499762916346571,0.08549786624711915,-6.515868327629168,0.762638544838522,4729173.122413683,889694.2480589929,0.022321951430138924,"(-6.891, -6.413]"
1,9,-3.0,[291  75 201 313 278 242 206 256 377 268],0.0,0.0,-2.941118671818515,-0.19301773000973735,1.7890695844411233,0.45905685678830016,0.0241616829472595,"(-3.886, -2.71]"
1,9,-2.5,[291  75 313 201 278 242 206 383 256  51],0.0,0.0,-2.596239508510471,-0.1867077961192018,1.600262585554906,0.4104978727021225,0.03316087596259779,"(-2.71, -2.195]"
1,9,-2.0,[291  75 313 201 278 242 312 206  51 256],0.0,0.0,-2.574931767907276,-0.18637801080280553,1.455004230727035,0.3579515565215261,0.03372716140629288,"(-2.71, -2.195]"
1,9,-1.5,[291  75 313 201 278 312 242  51 206 157],0.0,0.0,-1.9800362293888925,-0.16989365823831032,1.2945306710627094,0.2975079529795515,0.05506941654617882,"(-2.195, -1.743]"
1,9,-1.0,[291  75 313 201 157 383 278  51 242 206],0.0,0.0,-1.9957155858186457,-0.1702234435547066,1.1873157775679961,0.2235865210413929,0.05482367656103845,"(-2.195, -1.743]"
1,9,-0.8,[291  75 313 201 157 312 278  51 242 206],0.0,0.0,-1.9800362293888922,-0.16989365823831032,1.1466784899686797,0.18855986022090818,0.05506941654617882,"(-2.195, -1.743]"
1,9,-0.6000000000000001,[291  75 313 201 157 312  51 278 242 206],0.07012515646631237,0.06311264081968114,-1.9800362293888925,-0.16989365823831032,1.1079100027383617,0.1494925187614496,0.05506941654617882,"(-2.195, -1.743]"
1,9,-0.4,[291  75 313 157 201 312  51 175 278 340],0.05844669358782322,0.0526020242290409,-1.5768937933402345,-0.12499612402687552,1.0522387637571229,0.10563893044954684,0.10823395631689743,"(-1.743, -1.493]"
1,9,-0.19999999999999996,[291  75 313 157 268 175 383   9 414 230],0.1517658996679033,0.13658930970111297,-1.0655450289372086,-0.011179132141164456,1.0033884328294786,0.05613893847797808,0.24264905560400699,"(-1.493, -0.943]"
1,9,0.0,[116 338  23 479 230 246 355  60 137 121],0.22997117571172315,0.20697405814055084,-0.9431747774991455,0.10640178331837816,1.0,0.0,0.2517749950053139,"(-1.493, -0.943]"
1,9,0.19999999999999996,[479 105  12 342 273 432 490 483  43 190],0.48031539383224403,0.4322838544490196,-1.581220955103229,0.3637375088706948,1.0771621194399508,0.0639234594959821,0.2803778728194573,"(-1.743, -1.493]"
1,9,0.40000000000000013,[479 432 409 189 483  36 342 413 442 217],0.5566279515741641,0.5009651564167478,-2.1710970415047597,0.47319077095257844,1.216113869502952,0.13695401121597123,0.2849073484991213,"(-2.195, -1.743]"
1,9,0.6000000000000001,[479 409 432 483 470 442 448 403 413 490],0.3989404677800997,0.3590464210020897,-4.30194614037051,0.6950971043690071,1.5182798283898244,0.2206190509679336,0.05352185797562651,"(-4.939, -3.886]"
1,9,0.8,[479 423 489 442 403 413 490 448 495 483],0.38816122863844743,0.3493451057746027,-4.473067245516225,0.7052649627245174,1.7594255838757014,0.31668311936736715,0.04895625945370861,"(-4.939, -3.886]"
1,9,1.0,[479 481 454 448 403 490 484 471 426 415],0.2770330022137982,0.24932970199241836,-4.93831006802047,0.7283931447429274,2.074078813856361,0.42718544348740645,0.04723731184861299,"(-4.939, -3.886]"
1,9,1.5,[479 481 466 407 484 483 448 403 435 430],0.25813075522862394,0.23231767970576156,-5.259618553413087,0.7415224891898949,3.0475025295666844,0.7830021112304969,0.04241571126908127,"(-5.957, -4.939]"
1,9,2.0,[479 481 466 407 439 406 474 463 451 499],0.21178902335729002,0.19061012102156102,-6.194411215289738,0.7710621973780147,4.682199120384384,1.2930010541059407,0.028770322668041574,"(-6.413, -5.957]"
1,9,2.5,[479 481 451 439 475 443 419 441 400 436],0.15153787757694723,0.1363840898192525,-6.762121900222929,0.7845510814307479,7.113962028484922,2.0266621772236233,0.01468073415078341,"(-6.891, -6.413]"
1,9,3.0,[479 481 451 439 475 443 419 441 400 436],0.12916367627845932,0.11624730865061339,-6.762121900222929,0.7845510814307479,10.534305799176057,3.0843264845072826,0.01468073415078341,"(-6.891, -6.413]"
1,9,4.0,[479 481 451 439 475 443 419 441 436 400],0.1729498815303701,0.1556548933773331,-6.762121900222929,0.7845510814307479,23.10298650705049,6.817257148559719,0.014680734150783407,"(-6.891, -6.413]"
1,9,6.0,[479 481 451 439 475 443 419 441 436 463],0.1846251524232698,0.16616263718094282,-6.855458087835374,0.7856423411749578,111.85269451766446,30.998153998878166,0.013338068033560704,"(-6.891, -6.413]"
1,9,8.0,[479 481 451 439 475 443 419 436 441 463],0.18714422871075165,0.16842980583967648,-6.855458087835374,0.7856423411749578,539.7644125222447,138.11152838516483,0.013338068033560704,"(-6.891, -6.413]"
1,9,10.0,[479 481 451 439 475 443 419 436 441 463],0.15718223697419945,0.14146401327677952,-6.855458087835374,0.7856423411749578,2606.879527783111,618.3535596605997,0.013338068033560704,"(-6.891, -6.413]"
1,9,15.0,[479 481 451 439 475 443 436 419 441 463],0.1280570671052188,0.11525136039469693,-6.855458087835374,0.7856423411749578,134142.85217963677,27479.50907578085,0.013338068033560704,"(-6.891, -6.413]"
1,9,20.0,[479 481 451 439 475 443 436 419 441 408],0.18126658917881827,0.16313993026093646,-7.015016243673304,0.7861449088609025,6997979.334184954,1301230.0527952588,0.012953288555229198,"(-7.3950000000000005, -6.891]"
2,0,-3.0,[238 266 193 289 223 211 263 196 262 226],0.0,0.0,-3.554289156540092,-0.23887760450466988,2.053722840813726,0.5345575463987835,0.025863746629001323,"(-3.886, -2.71]"
2,0,-2.5,[238 193 266 289 223 211 444 263 196 262],0.0,0.0,-3.0687585821527112,-0.23071579929510255,1.7889561101933797,0.4680064590812596,0.040014500628566596,"(-3.886, -2.71]"
2,0,-2.0,[238 193 289 266 211 444 223 263 196 262],0.0,0.0,-3.0687585821527117,-0.23071579929510255,1.591300047899098,0.4000329200825121,0.040014500628566596,"(-3.886, -2.71]"
2,0,-1.5,[238 193 289 266 444 211 214 262 196 256],0.0,0.0,-2.8211655784338046,-0.2229470305462296,1.39978279560694,0.32643065387782116,0.041245674013872316,"(-3.886, -2.71]"
2,0,-1.0,[238 193 289 444 266 331 211 214 262 256],0.0,0.0,-2.347009522159908,-0.20566100568893533,1.2310864776143433,0.24132286795544336,0.06774993140630735,"(-2.71, -2.195]"
2,0,-0.8,[238 193 444 289 331 266 268 214 162 211],0.0,0.0,-2.1968715988573155,-0.19893863518735364,1.1743181986945188,0.2023046935168186,0.06982387090666119,"(-2.71, -2.195]"
2,0,-0.6000000000000001,[238 193 444 262 331 214 266 256 447 278],0.07780502859937885,0.07002452573944097,-1.8983393326541025,-0.1788592133788214,1.1144075733847536,0.15949048523278198,0.07512052149508493,"(-2.195, -1.743]"
2,0,-0.4,[238 193 444 331 262 278 447 355 214 198],0.026054112146495677,0.02344870093184611,-1.4851880316352495,-0.13353296684363342,1.0556282594125503,0.1121126328503892,0.09529842491807068,"(-1.493, -0.943]"
2,0,-0.19999999999999996,[238 193 489 331 295 378 250 403 135 302],0.04377536470085041,0.03939782823076537,-1.389338813537042,-0.09595063277422891,1.0195718516208738,0.05928799282074426,0.09799832177496443,"(-1.493, -0.943]"
2,0,0.0,[116 338  23 479 230 246 355  60 137 121],0.2692649500452259,0.2423384550407033,-0.9431747774991455,0.10876226038675788,1.0,0.0,0.3088611555570368,"(-1.493, -0.943]"
2,0,0.19999999999999996,[ 16 390 454 200 134   4  64 364  57 459],0.42495678386480995,0.38246110547832896,-1.4617577444459786,0.34390995595838053,1.0731722781277597,0.0669220839347524,0.30221164221003616,"(-1.493, -0.943]"
2,0,0.40000000000000013,[ 16  63  76 327 485  19  27  92  72 104],0.4717970071399739,0.4246173064259765,-2.8788842961392582,0.5488307459122594,1.2515929334899556,0.14282726640871576,0.2515057575917655,"(-3.886, -2.71]"
2,0,0.6000000000000001,[16 63 76 72 92 55 42 45 19 57],0.26993112387579793,0.24293801148821814,-4.3383819406013036,0.698702055926502,1.521266142075794,0.2292708200514027,0.042078112512732954,"(-4.939, -3.886]"
2,0,0.8,[16 63 76 72 55 92 42 45 48 19],0.35109802319222116,0.31598822087299905,-4.418589160643655,0.7043879568401097,1.7577550203974777,0.32804682081733755,0.04037833077780215,"(-4.939, -3.886]"
2,0,1.0,[16 63 76 72 55 53 92 45 48 95],0.25783228696751403,0.23204905827076264,-4.602581399944111,0.7136806628280304,2.0426773204737665,0.44122596939135966,0.03382798124423093,"(-4.939, -3.886]"
2,0,1.5,[16 49 58 36  0 13 66 69 39 87],0.25648429683501534,0.2308358671515138,-5.515900866336127,0.7498573630151091,3.082933738746898,0.8038095301728547,0.031347907576875354,"(-5.957, -4.939]"
2,0,2.0,[16 49  0 36 58 13 69 32 81 70],0.2627189200140183,0.2364470280126165,-5.971233195428231,0.7637923058284065,4.611188849038055,1.3211883274860654,0.02125957464609517,"(-6.413, -5.957]"
2,0,2.5,[16 49  0 36 58 32 69 81 35 39],0.19150044085506548,0.17235039676955893,-6.189874110399876,0.7692880301070265,6.850127386668467,2.063626810786287,0.01836216900502968,"(-6.413, -5.957]"
2,0,3.0,[16 49 34 32 97  0 35 61 86 58],0.2186777449625276,0.19680997046627483,-6.604729569253978,0.7769631141170026,10.29842945851254,3.1325117909646445,0.015780007642195837,"(-6.891, -6.413]"
2,0,4.0,[16 49 97 32 34 35 86 61 81  0],0.10573901393726036,0.09516511254353432,-6.8563947402331795,0.7809892553645876,22.754963197938288,6.9015144287057835,0.010210654251753755,"(-6.891, -6.413]"
2,0,6.0,[16 89 32 81 86 35 61 34 49 97],0.09308542820107174,0.08377688538096457,-7.234661250371152,0.7845652973207257,110.85969442844416,31.299198175239813,0.006933080207445407,"(-7.3950000000000005, -6.891]"
2,0,8.0,[16 89 86 81 35 32 61 97 49 34],0.16360420006777718,0.14724378006099947,-7.234661250371152,0.7845652973207258,532.7649809952559,139.22969046173097,0.006933080207445406,"(-7.3950000000000005, -6.891]"
2,0,10.0,[16 89 86 81 35 32 61 97 49 34],0.14196465250999443,0.127768187258995,-7.234661250371152,0.7845652973207258,2560.85138943149,621.6484433876931,0.006933080207445406,"(-7.3950000000000005, -6.891]"
2,0,15.0,[16 89 86 97 35 61 81 73 49 34],0.0773780473993122,0.06964024265938099,-7.3938000076262895,0.7852413288374676,131014.58733104123,27181.66970671798,0.006180045753779456,"(-7.3950000000000005, -6.891]"
2,0,20.0,[16 89 86 97 35 61 81 73 49 34],0.1238039537924577,0.11142355841321194,-7.3938000076262895,0.7852413288374676,6667888.704460502,1247011.5341628254,0.006180045753779456,"(-7.3950000000000005, -6.891]"
2,1,-3.0,[ 83 324 234  47 246  55  64 370  93  56],0.0,0.0,-3.1192712736642747,-0.1819749264503556,1.7319085287121356,0.4600844307229731,0.02696306775679683,"(-3.886, -2.71]"
2,1,-2.5,[ 83 324 234  47 246  55 370  64  93 359],0.0,0.0,-2.7844387423947468,-0.1757682092500597,1.5572061246546396,0.4124539960511779,0.033346339563994666,"(-3.886, -2.71]"
2,1,-2.0,[ 83 324 234  47 246 372  55  64 359  19],0.0,0.0,-2.4861352094676583,-0.17023703273410237,1.4097947915235856,0.3600905065563289,0.03858497622200899,"(-2.71, -2.195]"
2,1,-1.5,[ 83 324 234 246  55 372  19 359  64   1],0.0,0.0,-2.1615967734975663,-0.16164140142371872,1.2762210536781846,0.2992494186389361,0.03571634107112518,"(-2.195, -1.743]"
2,1,-1.0,[ 83 324 234 372 246  19 480  55 359   1],0.0179562498147803,0.01616062483330227,-1.6906424432900806,-0.14429952091483264,1.1570935417571007,0.22458743261700148,0.0572752287916296,"(-1.743, -1.493]"
2,1,-0.8,[ 83 324 234 372 246  19 480 359  55   1],0.02576384023607138,0.023187456212464243,-1.6906424432900806,-0.14429952091483264,1.1235291473054378,0.18924024044521323,0.0572752287916296,"(-1.743, -1.493]"
2,1,-0.6000000000000001,[ 83 324 234 372 480 246  19 359  52 329],0.04864442622496746,0.043779983602470714,-1.5466177320568537,-0.1339015066455273,1.0843551755115517,0.14987785568665116,0.06001043890563952,"(-1.743, -1.493]"
2,1,-0.4,[ 83 324 234 480 372 246  19 359   9  27],0.04680418845442024,0.04212376960897822,-1.5251747786327459,-0.13222037116170798,1.0546245309366347,0.10578672497525878,0.06099814946393228,"(-1.743, -1.493]"
2,1,-0.19999999999999996,[ 83 324 234 480 372 246  75 414 359   9],0.0810174777527481,0.0729157299774733,-1.3802842187534994,-0.10779328738797393,1.0219290521775672,0.05614386247482984,0.0817664263628262,"(-1.493, -0.943]"
2,1,0.0,[116 338  23 479 230 246 355  60 137 121],0.35774839831235977,0.3219735584811238,-0.9431747774991455,0.19258166041939123,1.0,0.0,0.3095839531295971,"(-1.493, -0.943]"
2,1,0.19999999999999996,[193 451 221 361 198  79 186 178 340 121],0.5192793759126801,0.4673514383214121,-1.6153232882791566,0.40505019340890297,1.086165841629768,0.06373991302471925,0.2867952447103725,"(-1.743, -1.493]"
2,1,0.40000000000000013,[193 198 186 451 121 178 221 168 161 135],0.4526972544427364,0.40742752899846274,-2.696704276329025,0.5741497172424955,1.2616723769251361,0.13633929035981748,0.18930011824405182,"(-2.71, -2.195]"
2,1,0.6000000000000001,[193 134 168 135 121 114 178 161 155 119],0.23348183559527347,0.21013365203574613,-3.641661958742666,0.6614094254036658,1.4882222075555795,0.21925606953085464,0.0634254649364286,"(-3.886, -2.71]"
2,1,0.8,[193 134 144 163 155 178 121 133 104 154],0.3076130832179219,0.2768517748961297,-4.314765462294779,0.7012654215867442,1.753981038520465,0.3141730302582818,0.0521474866451102,"(-4.939, -3.886]"
2,1,1.0,[193 134 144 163 155 183 104 157 154 133],0.2596112731630268,0.2336501458467241,-4.633649703455532,0.7185726490411366,2.053307070870349,0.4230329402275742,0.04170023932149956,"(-4.939, -3.886]"
2,1,1.5,[193 134 192 165 171 167 152 179 125 187],0.21573905976431448,0.19416515378788304,-5.386222413454287,0.7420156799381703,3.0472343468064205,0.771775796654477,0.03265993817074355,"(-5.957, -4.939]"
2,1,2.0,[193 134 165 192 171 167 146 120 147 170],0.12498499098906835,0.11248649189016151,-6.0249600990447085,0.7604791301997466,4.582944335968517,1.2683921574118204,0.02615942044496095,"(-6.413, -5.957]"
2,1,2.5,[193 170 194 138 165 111 120 116 147 100],0.24835184290156012,0.2235166586114041,-6.038570082035162,0.7610692031067899,6.717650184191048,1.9786146776301112,0.025530862742684502,"(-6.413, -5.957]"
2,1,3.0,[193 170 194 165 138 111 120 116 118 100],0.10078941666080665,0.090710474994726,-6.386880966294721,0.7674521328708466,10.022534863012561,2.9970254694579186,0.023320150639545043,"(-6.413, -5.957]"
2,1,4.0,[193 170 153 146 165 111 118 134 171 120],0.19635005078483303,0.17671504570634974,-6.777468896042841,0.774682690482614,22.25134018254915,6.563896676059639,0.02134049812356545,"(-6.891, -6.413]"
2,1,6.0,[193 170 153 165 118 146 111 183 134 109],0.16128516662240464,0.14515664996016417,-6.853376844843812,0.7750386151118716,105.45494988266046,29.337338949558188,0.021036797125395832,"(-6.891, -6.413]"
2,1,8.0,[193 170 153 118 165 146 111 183 109 120],0.18950264195567346,0.17055237776010612,-7.009466435908438,0.7760630309318483,503.3626488532407,128.61477676087083,0.019807784321565925,"(-7.3950000000000005, -6.891]"
2,1,10.0,[193 170 153 118 165 146 111 183 109 120],0.21141187976582246,0.19027069178924022,-7.009466435908438,0.7760630309318483,2393.9970278332726,566.9410181129781,0.019807784321565925,"(-7.3950000000000005, -6.891]"
2,1,15.0,[193 170 153 118 165 146 111 109 120 189],0.26589406666528775,0.239304659998759,-7.092435765065681,0.7763641179112921,119338.80766743023,24297.258879499957,0.019505535624607488,"(-7.3950000000000005, -6.891]"
2,1,20.0,[193 170 153 118 165 146 111 109 120 189],0.23405150270724673,0.21064635243652205,-7.092435765065681,0.7763641179112921,5995052.57301094,1116249.0085627579,0.019505535624607488,"(-7.3950000000000005, -6.891]"
2,2,-3.0,[  1 411   2 391  12 448  44 186 431  76],0.0,0.0,-2.6244397585360932,-0.23374231631625825,2.0299312023718654,0.5439461133049124,0.03920233125785823,"(-2.71, -2.195]"
2,2,-2.5,[  1 411   2 391 448  12 186  44 431   5],0.018843920605648976,0.01695952854508408,-2.425879638345737,-0.23009175256758035,1.7858803100718326,0.4753027085890278,0.03887967279362369,"(-2.71, -2.195]"
2,2,-2.0,[  1 411   2 391 448  12 186  44 431   5],0.0,0.0,-2.425879638345737,-0.23009175256758035,1.5891279875377706,0.4051430623642151,0.03887967279362369,"(-2.71, -2.195]"
2,2,-1.5,[  1 411 391   2 186 448  12  44 426   5],0.0,0.0,-2.3406047339725498,-0.22755063943801987,1.4093904221377989,0.3292370127351247,0.04040292285495592,"(-2.71, -2.195]"
2,2,-1.0,[  1 411 391 186   2 448  12 426 155  44],0.0,0.0,-2.034659950519698,-0.21509363444010976,1.241991868848577,0.24195399170212564,0.05734967550535651,"(-2.195, -1.743]"
2,2,-0.8,[  1 411 391 186   2 426  12 155 413 386],0.004452481651589825,0.0040072334864308425,-1.6440777556267194,-0.1923819929245682,1.1682767283076538,0.20223336665784494,0.0714406153079538,"(-1.743, -1.493]"
2,2,-0.6000000000000001,[  1 411 391 186   2 413 155  12 386 426],0.04506833628294601,0.04056150265465141,-1.6440777556267197,-0.1923819929245682,1.123382376777641,0.1589059209455376,0.07144061530795381,"(-1.743, -1.493]"
2,2,-0.4,[  1 411 391 186   5 413 155 386  12 137],0.0014695843422148141,0.0013226259079933327,-1.4906227975712874,-0.17467061292090466,1.072851635783843,0.11129135240884597,0.07518496250803931,"(-1.493, -0.943]"
2,2,-0.19999999999999996,[  1 411 391 186 197  23 413 386 382 155],0.02156697565754091,0.019410278091786817,-1.361325932268997,-0.143397481983833,1.0292522697089443,0.05861622072876414,0.08746380915373159,"(-1.493, -0.943]"
2,2,0.0,[116 338  23 479 230 246 355  60 137 121],0.16036660108312156,0.14432994097480942,-0.9431747774991455,0.06199367910262109,1.0,0.0,0.2790555659293648,"(-1.493, -0.943]"
2,2,0.19999999999999996,[247 309 256 140 416  82 278 215 114 264],0.5753607760792683,0.5178246984713415,-1.543737953002759,0.37788407060588347,1.0805905348829528,0.0655610094884759,0.3109172348658031,"(-1.743, -1.493]"
2,2,0.40000000000000013,[247 256 226 269 233 309 140 262 254 255],0.48187523964528195,0.43368771568075376,-2.739707885899688,0.563909758364742,1.2573566013375121,0.13921224125866008,0.21148217295414293,"(-3.886, -2.71]"
2,2,0.6000000000000001,[247 256 226 233 269 253 262 255 284 268],0.40472906945176523,0.3642561625065887,-3.7563856288877124,0.6689200074889892,1.4945294616635896,0.22226227381809346,0.050418891032666564,"(-3.886, -2.71]"
2,2,0.8,[247 297 267 284 288 239 220 281 204 271],0.3468031301958749,0.3121228171762874,-3.9361181287869442,0.6840521477769389,1.7292360113914753,0.31620752826388704,0.03672575606921288,"(-4.939, -3.886]"
2,2,1.0,[247 297 272 274 266 284 255 221 278 281],0.3672581812108185,0.33053236308973666,-4.128185517767359,0.690491855963112,1.996418164987307,0.42276075222332243,0.04137409020142249,"(-4.939, -3.886]"
2,2,1.5,[247 297 272 274 279 265 228 222 206 276],0.18271192219179536,0.16444072997261583,-5.116503674292713,0.7284825644491962,2.9840915276205138,0.7578957696443498,0.022495473935841382,"(-5.957, -4.939]"
2,2,2.0,[247 297 286 279 222 274 299 298 273 201],0.2687779618254654,0.24190016564291883,-5.279387047802144,0.7346049989997079,4.351090338614183,1.2243243212698118,0.024709990288987113,"(-5.957, -4.939]"
2,2,2.5,[247 286 297 279 222 274 298 299 205 273],0.22868846128787462,0.20581961515908717,-5.331992800153515,0.7355225270148646,6.301193636513443,1.877750995286805,0.024954890768743482,"(-5.957, -4.939]"
2,2,3.0,[247 286 297 279 222 298 274 299 205 201],0.31168006336030163,0.28051205702427146,-5.590137440115682,0.740636646634879,9.239590799861972,2.797052945960012,0.018741083887710182,"(-5.957, -4.939]"
2,2,4.0,[247 286 298 279 222 276 274 228 205 299],0.2833788988018944,0.25504100892170495,-5.6128491484119465,0.7415704447089412,19.466703391218893,5.928032352371273,0.017311576487394075,"(-5.957, -4.939]"
2,2,6.0,[247 286 298 279 222 205 234 274 201 276],0.21909680716255248,0.19718712644629724,-5.877735286410866,0.7450120130699348,87.71428750143927,24.85863404279613,0.014805995534841403,"(-5.957, -4.939]"
2,2,8.0,[247 286 298 279 222 205 234 290 201 276],0.19020244811459383,0.17118220330313444,-6.058537947880348,0.7464267008038131,394.2764159084468,102.36196003762612,0.013028584055688217,"(-6.413, -5.957]"
2,2,10.0,[247 286 298 222 279 205 234 201 290 276],0.1792338318294589,0.161310448646513,-6.058537947880348,0.746426700803813,1760.1593597965289,423.6719137936475,0.013028584055688217,"(-6.413, -5.957]"
2,2,15.0,[247 298 286 222 279 205 234 201 290 291],0.24940701627648723,0.2244663146488385,-6.2137646424359865,0.7470889275586341,74957.1448103935,15419.29126683628,0.012248573699197017,"(-6.413, -5.957]"
2,2,20.0,[247 298 286 205 279 234 222 201 290 291],0.18668307205610374,0.16801476485049338,-6.213764642435987,0.7470889275586341,3189167.0669719805,594831.644523179,0.012248573699197018,"(-6.413, -5.957]"
2,3,-3.0,[456 117 181 290  17 159 403 168 138 217],0.055645345133161314,0.050080810619845186,-2.5472949479612628,-0.15484998497738997,1.5991817864518936,0.4077513492553191,0.0328940056920078,"(-2.71, -2.195]"
2,3,-2.5,[456 117 290 181  17 159 403 168 217 138],0.0,0.0,-2.5472949479612623,-0.15484998497738997,1.4777915459894309,0.37094022866658133,0.0328940056920078,"(-2.71, -2.195]"
2,3,-2.0,[456 117 290 181  17 159 403 168 217 432],0.0,0.0,-2.1918791887830493,-0.1474714376501884,1.3467123026589187,0.32831314600759254,0.03666479147793163,"(-2.195, -1.743]"
2,3,-1.5,[456 117 290  17 181 432 159 168 217 403],0.0,0.0,-2.1918791887830493,-0.1474714376501884,1.249488492696837,0.2762303238801591,0.03666479147793163,"(-2.195, -1.743]"
2,3,-1.0,[456 117 258  17 181 211 432 103 143 403],0.0,0.0,-1.8595052022654586,-0.13354798015565592,1.1440283701509573,0.2095338608864461,0.04467895270789871,"(-2.195, -1.743]"
2,3,-0.8,[456 117 258  17 181 211 432 143 103 413],0.03571233501222111,0.032141101510999,-1.7299097084875605,-0.1257517493373253,1.1067161629059195,0.17721669065234996,0.049663981571572625,"(-1.743, -1.493]"
2,3,-0.6000000000000001,[456 117 258  17 211 143 432 181 103 413],0.0,0.0,-1.72990970848756,-0.1257517493373253,1.0788522974279346,0.14083541273183525,0.049663981571572625,"(-1.743, -1.493]"
2,3,-0.4,[456 138 258  17 211 168 432 161 159   9],0.08595655527980858,0.07736089975182772,-1.5832420471694464,-0.11439458962776247,1.0471298139544316,0.09971176979501171,0.060796616173933456,"(-1.743, -1.493]"
2,3,-0.19999999999999996,[456 138 258  17 211 430 161 168   9 246],0.05425205605725045,0.048826850451525405,-1.4636376205844843,-0.08124847504018551,1.0165293490954608,0.05306571378361514,0.08503230742118502,"(-1.493, -0.943]"
2,3,0.0,[116 338  23 479 230 246 355  60 137 121],0.21005063795750176,0.18904557416175158,-0.9431747774991455,0.16515039340864787,1.0,0.0,0.2441903631881911,"(-1.493, -0.943]"
2,3,0.19999999999999996,[345  77 136 411 319 252 302 332  19 135],0.42138602022495175,0.3792474182024566,-1.3144834676751769,0.3273403840168492,1.069470396722686,0.06051759852239533,0.2899561315403322,"(-1.493, -0.943]"
2,3,0.40000000000000013,[345 319 302 332  66 364 378 331 495 197],0.5103435395586475,0.4593091856027828,-2.202520926653711,0.5055756526374225,1.2299413965809811,0.12967483068610264,0.24643374794943454,"(-2.71, -2.195]"
2,3,0.6000000000000001,[345 388 361 302 378 373 364 316 357 324],0.42420016768498003,0.38178015091648204,-3.9172107742426654,0.678337968051467,1.5031406082961911,0.20883869354403808,0.05506437500881066,"(-4.939, -3.886]"
2,3,0.8,[345 388 361 397 346 365 354 353 336 374],0.292726846143266,0.2634541615289394,-4.386591285273683,0.7068732844463599,1.7615526355470332,0.2995828448195086,0.04636316749722869,"(-4.939, -3.886]"
2,3,1.0,[345 388 305 353 314 354 386 300 398 304],0.31084957292469234,0.2797646156322231,-4.321083671163079,0.7007700658122177,2.0177982393880947,0.4037192792747184,0.04931457073881931,"(-4.939, -3.886]"
2,3,1.5,[345 397 346 361 388 385 310 336 373 326],0.2015377359012962,0.18138396231116657,-4.940076218239048,0.7283671625795549,2.9866471829510135,0.7371397767514332,0.0373633231150363,"(-5.957, -4.939]"
2,3,2.0,[345 323 344 385 388 397 361 346 375 336],0.3099898556043321,0.27899087004389894,-5.450447173652025,0.7419234725870206,4.419468059918474,1.2105141882219244,0.032640453257237786,"(-5.957, -4.939]"
2,3,2.5,[345 323 344 385 350 375 397 328 336 366],0.11486594659448102,0.10337935193503292,-5.824494701035097,0.7513144342693606,6.5596534521489245,1.8842508096186632,0.028858349767453922,"(-5.957, -4.939]"
2,3,3.0,[345 322 375 397 310 385 346 328 300 344],0.2303210131021246,0.20728891179191214,-5.956954850010795,0.7555429021654056,9.671085504544783,2.8446577079969577,0.023149723791949836,"(-6.413, -5.957]"
2,3,4.0,[345 322 375 310 385 397 346 328 300 344],0.21651153886294638,0.19486038497665176,-5.956954850010794,0.7555429021654056,20.629002846293265,6.172735056317821,0.023149723791949836,"(-6.413, -5.957]"
2,3,6.0,[345 350 375 310 385 344 397 322 346 328],0.2218009079569512,0.1996208171612561,-6.241160292596115,0.7587231649434256,95.83943532220682,26.912164634433108,0.02319995934695195,"(-6.413, -5.957]"
2,3,8.0,[345 350 375 310 322 385 371 363 328 323],0.23267336093772137,0.20940602484394924,-6.384252430536294,0.7596813539177859,443.6541799572906,114.71033778867316,0.02242318190064066,"(-6.413, -5.957]"
2,3,10.0,[345 350 375 310 322 385 371 363 321 346],0.2514333740147153,0.2262900366132438,-6.464989938410419,0.7601070938203098,2055.827886017516,491.660917604285,0.022113139791121558,"(-6.891, -6.413]"
2,3,15.0,[345 350 375 322 310 385 344 371 363 321],0.19550796439650808,0.17595716795685729,-6.6171417255196054,0.7608579811625734,96251.80517903755,19872.007248153066,0.021513335631983654,"(-6.891, -6.413]"
2,3,20.0,[345 350 375 322 310 385 344 371 363 321],0.10749537934493483,0.09674584141044135,-6.6171417255196054,0.7608579811625734,4561179.81334223,887017.4403273176,0.021513335631983654,"(-6.891, -6.413]"
2,4,-3.0,[278 227 377 201  75 291 242 206 313 268],0.018038748232601785,0.016234873409341606,-2.852346766399541,-0.20028095403352433,1.8290502560818644,0.477302763766596,0.025453561715546743,"(-3.886, -2.71]"
2,4,-2.5,[278 227 377  75 201 295 242 206  51 313],0.0,0.0,-2.501331795555469,-0.19402750329488522,1.627898696749289,0.4242563446932809,0.026572535028892855,"(-2.71, -2.195]"
2,4,-2.0,[278 227 377  75 201 295  51 242 206 313],0.0,0.0,-2.501331795555469,-0.19402750329488522,1.4762052917982573,0.3679132714178298,0.026572535028892858,"(-2.71, -2.195]"
2,4,-1.5,[278 377  75 227 201 242  51 206 312 157],0.0,0.0,-1.7924255516799783,-0.17339645503962445,1.3009216038525993,0.3042809052905546,0.05208949178997879,"(-2.195, -1.743]"
2,4,-1.0,[278 377  75 227 201 157 312  51 206 242],0.02758299148766214,0.024824692338895928,-1.7924255516799787,-0.17339645503962445,1.190925864176784,0.22769397691007845,0.05208949178997879,"(-2.195, -1.743]"
2,4,-0.8,[278 377  75 227 157 312 201  51 206 242],0.0,0.0,-1.7924255516799785,-0.17339645503962445,1.1497840119893616,0.1917282305235081,0.05208949178997879,"(-2.195, -1.743]"
2,4,-0.6000000000000001,[278 377  75 227 157 312  51 206 242 384],0.0,0.0,-1.5905090122261827,-0.15779818854233077,1.0999456348923773,0.15178606893501517,0.05703498514815243,"(-1.743, -1.493]"
2,4,-0.4,[278 313  75 157 227 383  51 206 151 242],0.05539667962342523,0.04985701166108271,-1.5424701913550525,-0.14710945275640386,1.0610989952877319,0.10711639824578585,0.07635912484882139,"(-1.743, -1.493]"
2,4,-0.19999999999999996,[278 313  75 157 227 383 175  51 206 414],0.0,0.0,-1.1510130935510645,-0.055793261572474315,1.0124035892968484,0.05685364007180699,0.24567678108663385,"(-1.493, -0.943]"
2,4,0.0,[116 338  23 479 230 246 355  60 137 121],0.21859507380477516,0.19673556642429765,-0.9431747774991455,0.10552962295318316,1.0,0.0,0.2510546218004814,"(-1.493, -0.943]"
2,4,0.19999999999999996,[479 136  92 393 432 276 114 413 490 389],0.461060179535475,0.4149541615819275,-1.493079928780238,0.33241871634300113,1.070686385230563,0.06459510469273945,0.3004244510990356,"(-1.743, -1.493]"
2,4,0.40000000000000013,[479 432 409 189  92 426 413 349 490 402],0.5063061641536218,0.4556755477382597,-2.706315487916566,0.5357407153196367,1.2448267060373985,0.13825892649748142,0.24572508396990178,"(-2.71, -2.195]"
2,4,0.6000000000000001,[479 409 432 426 412 413 490 468 467 487],0.29896522621883437,0.26906870359695095,-4.313454481572844,0.6981673152606664,1.5210387821087719,0.22252312006291508,0.05215151611472928,"(-4.939, -3.886]"
2,4,0.8,[479 446 493 432 499 470 478 437 448 442],0.2111849605868738,0.19006646452818643,-4.563607582043193,0.7102533614414959,1.7663495535808367,0.3191559520345129,0.04706095174006824,"(-4.939, -3.886]"
2,4,1.0,[479 451 409 426 405 442 403 430 455 418],0.29488478825675657,0.26539630943108095,-4.937706082665908,0.7268000657347129,2.0705437299068663,0.4301997131601584,0.04466351655842418,"(-4.939, -3.886]"
2,4,1.5,[479 451 429 499 446 455 403 484 409 427],0.18349098472631264,0.1651418862536814,-5.471392667951657,0.7447914649153079,3.060534444343482,0.7872626340486524,0.03500429200280125,"(-5.957, -4.939]"
2,4,2.0,[479 451 429 441 455 439 426 420 443 481],0.22955703912202566,0.2066013352098231,-6.170187403671602,0.7666314749907978,4.641030541363923,1.2983508046113355,0.028940061318062052,"(-6.413, -5.957]"
2,4,2.5,[479 451 429 441 463 439 443 419 456 436],0.19176175499740858,0.17258557949766773,-6.642407749344986,0.7774546920274072,6.991747565908808,2.032877663705836,0.018618997296268616,"(-6.891, -6.413]"
2,4,3.0,[479 451 443 419 481 441 436 400 439 456],0.17025235922381493,0.15322712330143345,-6.641921245369248,0.7789208907102927,10.36261568791513,3.0909994914649346,0.01781443361874889,"(-6.891, -6.413]"
2,4,4.0,[479 451 443 419 481 441 436 400 439 408],0.23750375395620815,0.21375337856058735,-6.890609661824536,0.7824880245177396,22.91239048782581,6.821707255700176,0.014513851013461625,"(-7.3950000000000005, -6.891]"
2,4,6.0,[479 451 443 419 408 441 436 400 481 439],0.2200505473406205,0.19804549260655843,-6.890609661824537,0.7824880245177395,109.82159534901413,30.932077894336217,0.014513851013461625,"(-7.3950000000000005, -6.891]"
2,4,8.0,[479 451 443 408 441 419 436 481 400 439],0.10940862956296336,0.09846776660666703,-6.890609661824537,0.7824880245177395,526.8794171271139,137.3410836127943,0.014513851013461625,"(-7.3950000000000005, -6.891]"
2,4,10.0,[479 451 408 443 441 419 436 481 400 439],0.07108775139759188,0.06397897625783269,-6.890609661824537,0.7824880245177395,2530.198166227676,612.0873157058745,0.014513851013461625,"(-7.3950000000000005, -6.891]"
2,4,15.0,[479 451 408 443 441 436 419 481 439 400],0.2303010111281911,0.20727091001537198,-6.890609661824536,0.7824880245177395,128436.81429536024,26770.873691488134,0.014513851013461625,"(-7.3950000000000005, -6.891]"
2,4,20.0,[479 451 408 443 441 436 419 481 439 400],0.27568978205947114,0.24812080385352403,-6.890609661824536,0.7824880245177395,6563667.076870104,1244486.953909177,0.014513851013461625,"(-7.3950000000000005, -6.891]"
2,5,-3.0,[266 238 193 289 211 263 444 214 262 196],0.0,0.0,-2.8983253684602053,-0.22276782550558166,1.9631877731734064,0.5235887748639506,0.03749753052945021,"(-3.886, -2.71]"
2,5,-2.5,[266 193 238 289 211 444 263 214 262 196],0.0,0.0,-2.8983253684602053,-0.22276782550558166,1.7529123189431357,0.46035782771715406,0.03749753052945021,"(-3.886, -2.71]"
2,5,-2.0,[266 193 289 238 444 211 263 214 262 157],0.0,0.0,-2.8134555326429895,-0.22089508540503205,1.5602604195514396,0.39511964221462603,0.039239832895809006,"(-3.886, -2.71]"
2,5,-1.5,[266 193 289 444 238 211 214 331 263 262],0.0,0.0,-2.438672706830407,-0.21001538219006802,1.3756125144204276,0.32367014413226636,0.05970912342574159,"(-2.71, -2.195]"
2,5,-1.0,[266 193 289 444 331 269 238 268 162 211],0.112751986202696,0.1014767875824264,-2.152047991519651,-0.19804996983787643,1.2213554713940655,0.2401205517744766,0.06217089133848929,"(-2.195, -1.743]"
2,5,-0.8,[266 193 444 289 331 269 268 238 162 447],0.0047763873177518144,0.004298748585976633,-1.861498486861612,-0.18085934817878288,1.1575394865020159,0.20155374958658917,0.0710785801641116,"(-2.195, -1.743]"
2,5,-0.6000000000000001,[266 193 444 289 331 269 268 447 162 129],0.0,0.0,-1.6905254685435707,-0.16680477576329722,1.1061097511141462,0.159089144230032,0.0652335200050887,"(-1.743, -1.493]"
2,5,-0.4,[266 193 444 331 289 269 493 250 355 178],0.027419975775048504,0.024677978197543655,-1.4208004149654456,-0.13778804511165407,1.057391971095178,0.1119558931759537,0.09304665984442229,"(-1.493, -0.943]"
2,5,-0.19999999999999996,[266 193 489 331 285 355 262 459 319 135],0.0,0.0,-1.2528846217953078,-0.08015350468661772,1.016483610122457,0.059266761653380726,0.12633968138664006,"(-1.493, -0.943]"
2,5,0.0,[116 338  23 479 230 246 355  60 137 121],0.2631178955709932,0.23680610601389387,-0.9431747774991455,0.11289702859259283,1.0,0.0,0.30893847278118464,"(-1.493, -0.943]"
2,5,0.19999999999999996,[ 89 327 485 173 227  62  83 364 229  19],0.5692297230891223,0.5123067507802102,-1.6134402853447671,0.3569192801625373,1.0759615201433133,0.06702169913543263,0.30205260773816234,"(-1.743, -1.493]"
2,5,0.40000000000000013,[ 89   3  79  57 327 485  38  27 173  45],0.5563880228105356,0.500749220529482,-2.8305970866724293,0.5440204095036443,1.2488578835797437,0.143155651456433,0.24431361087051834,"(-3.886, -2.71]"
2,5,0.6000000000000001,[89 66  3 83 54  8 82 15 23  9],0.3021610593392058,0.27194495340528524,-4.381535367600251,0.6977799920601309,1.5204759556531804,0.22996760345157197,0.04428984050337062,"(-4.939, -3.886]"
2,5,0.8,[89 66  3 83 54 88 15 82 23 22],0.2542096616347521,0.22878869547127692,-4.691843481944343,0.7163907740887806,1.7746882437806473,0.32926477847127944,0.03985996210559469,"(-4.939, -3.886]"
2,5,1.0,[89 32  5 65  4 99 56 15 95 10],0.30307953415554123,0.27277158073998714,-5.007545065495128,0.7346514874258846,2.085949498892499,0.44313430032423384,0.03371603364822831,"(-5.957, -4.939]"
2,5,1.5,[89 32 65 66 88 15 18 67  5 46],0.24064515228057143,0.2165806370525143,-5.508290130414223,0.74880076173498,3.0781378094898897,0.8083301154753922,0.031633158157765566,"(-5.957, -4.939]"
2,5,2.0,[89 32 81 65 35 86 67  5 88  7],0.17863673641658726,0.16077306277492853,-6.332151652391498,0.7763313586868276,4.7293321814240965,1.3299921815885736,0.024026745969571762,"(-6.413, -5.957]"
2,5,2.5,[89 32 81 65 35 86 67 88  7 80],0.1344201730438432,0.12097815573945889,-6.565595102883593,0.7814895566783401,7.05807441730102,2.0791657413616464,0.011987445858694342,"(-6.891, -6.413]"
2,5,3.0,[89 32 81 35 65 86 67  7 88 80],0.21314438723046653,0.19182994850741988,-6.565595102883593,0.7814895566783401,10.434463441536701,3.1585017078381585,0.011987445858694344,"(-6.891, -6.413]"
2,5,4.0,[89 32 81 35 16 86 65  7 67 88],0.16524623515102574,0.14872161163592318,-6.795344258485482,0.7849287414300956,23.119475190193164,6.968800350272407,0.010987319234747982,"(-6.891, -6.413]"
2,5,6.0,[89 16 32 35 81 86  7 97 49 88],0.14695390464133498,0.1322585141772015,-7.164822426040107,0.7884095595769465,113.47675424888124,31.709179490382486,0.00800028873729334,"(-7.3950000000000005, -6.891]"
2,5,8.0,[89 16 35 86 81 32  7 97 49 61],0.14772684837382513,0.13295416353644263,-7.245042572507274,0.78895123969641,551.7914961851138,141.65410117723687,0.007001364338977945,"(-7.3950000000000005, -6.891]"
2,5,10.0,[89 16 35 86 97 32  7 81 49 61],0.16659172218748575,0.14993254996873717,-7.245042572507273,0.78895123969641,2675.648082636403,635.6909136425402,0.007001364338977945,"(-7.3950000000000005, -6.891]"
2,5,15.0,[89 16 35 86 97  7 32 81 49 61],0.0960164827927352,0.08641483451346169,-7.245042572507273,0.78895123969641,138652.4058697123,28224.8751790294,0.007001364338977945,"(-7.3950000000000005, -6.891]"
2,5,20.0,[89 16 35 86 97  7 32 81 49 61],0.09335733884527397,0.08402160496074658,-7.245042572507273,0.78895123969641,7193483.489239039,1318206.5323507045,0.007001364338977945,"(-7.3950000000000005, -6.891]"
2,6,-3.0,[ 47  83 324 234  19  55  56  93 359  64],0.0,0.0,-3.2388290733549185,-0.19384398863915933,1.7983402332208798,0.4818321740928424,0.0342419656454142,"(-3.886, -2.71]"
2,6,-2.5,[ 47 324  83 234  19  55 359  93  56  64],0.0,0.0,-3.2388290733549185,-0.19384398863915933,1.6295545987617968,0.42845545185859457,0.0342419656454142,"(-3.886, -2.71]"
2,6,-2.0,[ 47 324 234  83  19 359  55 246  64  56],0.03806047438510506,0.03425442694659456,-2.905036061859663,-0.18747590167827596,1.45964809471075,0.3713385883968394,0.0401966033853129,"(-3.886, -2.71]"
2,6,-1.5,[ 47 324 234  83 359  19 246  59 372  64],0.01995507044628568,0.01795956340165711,-2.35305174412679,-0.1748085893133727,1.3030318880163283,0.30662127367385267,0.046821062798621284,"(-2.71, -2.195]"
2,6,-1.0,[ 47 324 234  93 372 246 433 359  59  19],0.0,0.0,-1.839423181971338,-0.15063923908715732,1.1649029187229025,0.22885222229562546,0.06375627548897152,"(-2.195, -1.743]"
2,6,-0.8,[ 47 324 234 372  93 433 246 359  59  19],0.0,0.0,-1.8394231819713376,-0.15063923908715732,1.1295222209750793,0.1924556407544098,0.06375627548897152,"(-2.195, -1.743]"
2,6,-0.6000000000000001,[ 47 324 234 372 433  93 246 359  59 213],0.0,0.0,-1.6309191553310955,-0.13727210269814977,1.086703378146694,0.15214621665804984,0.06621116905144576,"(-1.743, -1.493]"
2,6,-0.4,[ 47 324 234 433 372 246   9 359  59 213],0.0,0.0,-1.5070308216133634,-0.12652592064446333,1.0522782837379028,0.10720582919589086,0.06587473251073726,"(-1.743, -1.493]"
2,6,-0.19999999999999996,[ 47 324 234 433 372 246   9 359 121 367],0.10377032520094083,0.09339329268084674,-1.1856239363684167,-0.046217132622165494,1.0102803134520828,0.05680775810928648,0.22557134844608506,"(-1.493, -0.943]"
2,6,0.0,[116 338  23 479 230 246 355  60 137 121],0.3090015016262685,0.2781013514636417,-0.9431747774991455,0.18158039608603158,1.0,0.0,0.31382638312092126,"(-1.493, -0.943]"
2,6,0.19999999999999996,[193 451 221 325  79 198 178 186 121 338],0.5201012342424299,0.46809111081818694,-1.615130178667995,0.38840961676044894,1.082597115458736,0.06431404675433061,0.2900536188147615,"(-1.743, -1.493]"
2,6,0.40000000000000013,[193 150 168 451 135 289 121 114 137 325],0.4851682733709375,0.43665144603384376,-2.353562745781632,0.5070802225080457,1.2303929433667053,0.13739795809199973,0.240058254108999,"(-2.71, -2.195]"
2,6,0.6000000000000001,[193 150 168 198 137 121 186 175 161 178],0.3095326897176948,0.27857942074592534,-3.8073471712762905,0.6641017393197272,1.4904190026747597,0.2207082186435723,0.05713962326956611,"(-3.886, -2.71]"
2,6,0.8,[193 150 168 134 192 155 113 161 135 186],0.4187760621504104,0.37689845593536936,-4.2936874052654215,0.6941725029986252,1.744434018821147,0.31592428976040093,0.05834651539813132,"(-4.939, -3.886]"
2,6,1.0,[193 150 120 160 113 175 155 134 197 167],0.2201305915283187,0.19811753237548685,-4.8384456446660185,0.722064814551531,2.0604008937810656,0.4249834769096164,0.04080970385404532,"(-4.939, -3.886]"
2,6,1.5,[193 132 169 113 134 163 136 183 103 194],0.18970914045614784,0.17073822641053307,-5.320013323373107,0.7414302909655425,3.043988076962716,0.7737287970002705,0.0301130874227658,"(-5.957, -4.939]"
2,6,2.0,[193 183 165 150 120 167 170 148 138 100],0.16702739279870404,0.15032465351883365,-6.122362166161454,0.7634146793620119,4.609583486081229,1.269457532781322,0.02557662618668732,"(-6.413, -5.957]"
2,6,2.5,[193 170 165 183 150 118 120 148 130 138],0.16423006503307258,0.14780705852976533,-6.352413730480189,0.7683746642889241,6.842122029324747,1.9775382909161219,0.02638030250783151,"(-6.413, -5.957]"
2,6,3.0,[193 170 165 183 118 132 120 148 150 130],0.22541834702286084,0.20287651232057477,-6.47920053643648,0.7708644959025244,10.125886445924262,2.9919720190838355,0.023657338639617453,"(-6.891, -6.413]"
2,6,4.0,[193 170 165 118 183 120 132 148 153 100],0.18300824020512205,0.16470741618460985,-7.029909253340492,0.7781938404991717,22.535984217933414,6.54139838969023,0.01709090190828272,"(-7.3950000000000005, -6.891]"
2,6,6.0,[193 170 165 118 183 153 120 148 132 109],0.1376180833886314,0.12385627504976827,-7.101863420388886,0.7789676988380493,107.62129004326994,29.176756682410556,0.01634837294445105,"(-7.3950000000000005, -6.891]"
2,6,8.0,[193 170 118 165 153 183 120 148 109 132],0.18607637005151,0.167468733046359,-7.101863420388886,0.7789676988380493,513.0086856789751,127.7993881312993,0.01634837294445105,"(-7.3950000000000005, -6.891]"
2,6,10.0,[193 170 118 165 153 183 120 148 109 132],0.2724842825187547,0.24523585426687922,-7.101863420388886,0.7789676988380493,2448.003730895167,563.2283486511519,0.01634837294445105,"(-7.3950000000000005, -6.891]"
2,6,15.0,[193 170 118 165 153 183 120 109 148 169],0.17544209467331265,0.1578978852059814,-7.2790897806587616,0.7796475293635685,123213.8759757198,24131.99267883872,0.015441597081637266,"(-7.3950000000000005, -6.891]"
2,6,20.0,[193 170 118 165 153 183 120 109 148 169],0.16784436927553395,0.15105993234798057,-7.2790897806587616,0.7796475293635685,6204612.7190142255,1103918.7523536438,0.015441597081637266,"(-7.3950000000000005, -6.891]"
2,7,-3.0,[ 67 411   1  46 448 391  12 186   2  44],0.0,0.0,-3.040086538643491,-0.2383361780338984,2.0591788132590256,0.5512940352857001,0.04072819092653607,"(-3.886, -2.71]"
2,7,-2.5,[ 67 411   1  46 448 391 186  12   5  44],0.0,0.0,-2.73308097400218,-0.23238641999311285,1.7959704954022933,0.4809542899504488,0.038471010363362854,"(-3.886, -2.71]"
2,7,-2.0,[ 67 411  46 391 186 448   1  12   5 431],0.08012921103179983,0.07211628992861985,-2.5952845508174303,-0.22961651455556092,1.5875039622519265,0.4093812031798127,0.03832423333061325,"(-2.71, -2.195]"
2,7,-1.5,[ 67 411 391 186  46 448   1   5  12 470],0.019757899229019417,0.017782109306117476,-2.5185755051644256,-0.2273887813325183,1.408941547510562,0.3322854990539954,0.039495341932964896,"(-2.71, -2.195]"
2,7,-1.0,[ 67 411 391 186  46 448 155   5  12 413],0.0,0.0,-2.0751585852861596,-0.20886053806671692,1.2336216672009401,0.24396585826442882,0.04685947352770751,"(-2.195, -1.743]"
2,7,-0.8,[ 67 411 391 186 448  46 155   5 413  12],0.0,0.0,-2.075158585286159,-0.20886053806671692,1.1826870064061736,0.203853957450752,0.04685947352770751,"(-2.195, -1.743]"
2,7,-0.6000000000000001,[ 67 411 391 186 413  46 155 431 386   5],0.0,0.0,-1.7436164569013677,-0.18781737063268447,1.1202182388738566,0.16013839548344047,0.06840286727541606,"(-2.195, -1.743]"
2,7,-0.4,[ 67 411 391 186 413 155  46 386 137 426],0.018815379908228028,0.016933841917405226,-1.5449320443463717,-0.16947925427651325,1.0705995435569016,0.11213077853327896,0.07315368885433096,"(-1.743, -1.493]"
2,7,-0.19999999999999996,[ 67 411 391 186 155 413 386 137   5 422],0.012265952350801312,0.01103935711572118,-1.4643821450240069,-0.1548060966926354,1.0315778909277427,0.05904838793019278,0.0801098873747445,"(-1.493, -0.943]"
2,7,0.0,[116 338  23 479 230 246 355  60 137 121],0.21382772092875862,0.19244494883588276,-0.9431747774991455,0.06436744310403106,1.0,0.0,0.2824409228415786,"(-1.493, -0.943]"
2,7,0.19999999999999996,[222 200 309 169 416  28 243 246 293 254],0.4851532304691504,0.43663790742223535,-1.7382424952300064,0.43275544467978877,1.0922926989839001,0.06603047875538592,0.2952127726329862,"(-1.743, -1.493]"
2,7,0.40000000000000013,[222 200 231 250 243 309 246 254 169 224],0.5395405031078775,0.48558645279708973,-2.6411174835051368,0.5622552342333543,1.2566165605062978,0.1402029006433285,0.21382621745761177,"(-2.71, -2.195]"
2,7,0.6000000000000001,[222 200 231 250 243 246 254 204 273 203],0.33836919928835174,0.3045322793595166,-3.5769817626065445,0.66592781933066,1.4918257845339844,0.22384267923586157,0.04943706445143328,"(-3.886, -2.71]"
2,7,0.8,[222 200 231 250 201 220 243 206 245 202],0.4096663689944604,0.3686997320950144,-3.944943836291044,0.6910012099108804,1.739312508966011,0.31846595212606554,0.04643719109194319,"(-4.939, -3.886]"
2,7,1.0,[222 234 279 288 205 220 285 206 218 246],0.2961751264057579,0.2665576137651821,-4.431406205293922,0.707844142696569,2.0316659245480944,0.42580861742029824,0.044994167979023586,"(-4.939, -3.886]"
2,7,1.5,[222 234 279 205 288 274 247 245 295 202],0.17750067713542117,0.15975060942187905,-5.098653700330856,0.732162861336576,3.0022832098315773,0.7635956796485931,0.03169567180214243,"(-5.957, -4.939]"
2,7,2.0,[222 234 279 205 247 274 288 245 202 298],0.2263918995462599,0.2037527095916339,-5.419820798807439,0.740606925737315,4.405173836482349,1.2341350799635304,0.028052658359093912,"(-5.957, -4.939]"
2,7,2.5,[222 234 247 279 205 274 286 298 245 273],0.3291263882246126,0.29621374940215134,-5.631139419694103,0.7454419062188335,6.459800183846579,1.8940106589466414,0.025409371993033215,"(-5.957, -4.939]"
2,7,3.0,[222 234 247 279 205 286 298 274 245 273],0.15797402052089693,0.14217661846880725,-5.631139419694101,0.7454419062188335,9.385720079347164,2.823439713376687,0.025409371993033215,"(-5.957, -4.939]"
2,7,4.0,[222 247 234 205 279 298 286 274 245 228],0.17677403564342947,0.15909663207908653,-5.8249214198337755,0.7485998969973515,20.0424550769814,5.994963878790936,0.02087458075865603,"(-5.957, -4.939]"
2,7,6.0,[222 247 234 205 298 286 279 291 232 228],0.23405476647553178,0.2106492898279786,-6.147599502389393,0.7517301682604944,91.42807889346821,25.253898755290273,0.016993996733018032,"(-6.413, -5.957]"
2,7,8.0,[222 247 234 205 298 286 279 291 232 228],0.1679914173451088,0.15119227561059792,-6.147599502389393,0.7517301682604944,412.82122044873984,104.56104903421202,0.016993996733018032,"(-6.413, -5.957]"
2,7,10.0,[222 247 234 298 205 286 279 291 232 228],0.19526587578501745,0.17573928820651571,-6.147599502389394,0.7517301682604944,1866.0866651502442,435.5842602329477,0.016993996733018032,"(-6.413, -5.957]"
2,7,15.0,[222 247 298 234 205 286 291 279 228 232],0.17755840707790788,0.15980256637011708,-6.147599502389394,0.7517301682604944,81461.29127896749,16198.01963649296,0.016993996733018032,"(-6.413, -5.957]"
2,7,20.0,[222 247 298 234 205 286 291 279 228 232],0.24977791671954505,0.22480012504759056,-6.147599502389394,0.7517301682604944,3579965.5534346313,643517.7431933252,0.016993996733018032,"(-6.413, -5.957]"
2,8,-3.0,[456 117 264 168 403 138  17 181 217 159],0.0,0.0,-2.4974025428218165,-0.15637463604156016,1.6110177050609185,0.4095638776470265,0.041426776238212434,"(-2.71, -2.195]"
2,8,-2.5,[456 117 264 168 403 138  17 231 181 159],0.030909717697785152,0.02781874592800664,-2.5133858054660596,-0.156541372304832,1.4868896831526717,0.3720967556890406,0.04126415762171496,"(-2.71, -2.195]"
2,8,-2.0,[456 117 264 168 403  17 138 231 432 159],0.0,0.0,-2.2756368182845645,-0.15119539673371415,1.3583515558475916,0.3289449391993016,0.04388175638605711,"(-2.71, -2.195]"
2,8,-1.5,[456 117 231  17 181 403 168 264 432 159],0.06050294624018947,0.05445265161617052,-2.1421085684750896,-0.14809085482238937,1.2512494577005377,0.2764686230956878,0.04202920941937546,"(-2.195, -1.743]"
2,8,-1.0,[456 117 231  17 168 432 264 151 403 253],0.05050484505987175,0.045454360553884576,-1.773253871907383,-0.13037893899664513,1.141012470965134,0.20951879167295287,0.055305692386381056,"(-2.195, -1.743]"
2,8,-0.8,[456 117 231  17 168 432 264 151 403 253],0.020707178878044914,0.018636460990240425,-1.773253871907383,-0.13037893899664513,1.1110282309451307,0.1771436992815936,0.055305692386381056,"(-2.195, -1.743]"
2,8,-0.6000000000000001,[456 117 231  17 432 143 250 181 253 403],0.03680969744188725,0.03312872769769853,-1.7415669600594337,-0.1220815462831697,1.0767776381743823,0.14073211822052978,0.06336623546085292,"(-1.743, -1.493]"
2,8,-0.4,[456 138 231  17 168 432 250 114 289   9],0.012536850497222175,0.011283165447499958,-1.4997949121165075,-0.10284777805009895,1.0423870663316064,0.09960833150111714,0.06827306309984052,"(-1.743, -1.493]"
2,8,-0.19999999999999996,[456 138 231  17 250 430 114  55 135 200],0.022217559307708697,0.019995803376937828,-1.347079350589482,-0.060869517759969204,1.0124045776408948,0.052995428067395704,0.0876726018796587,"(-1.493, -0.943]"
2,8,0.0,[116 338  23 479 230 246 355  60 137 121],0.39238980637413656,0.3531508257367229,-0.9431747774991455,0.1669597474311053,1.0,0.0,0.2504441984100629,"(-1.493, -0.943]"
2,8,0.19999999999999996,[345  66 406 195 319 210 302 332 364 378],0.5118112387782946,0.4606301149004651,-1.7910337104981218,0.4415379362468121,1.0939505682856026,0.06040552185983884,0.2736530654267244,"(-2.195, -1.743]"
2,8,0.40000000000000013,[345 319 302 343  66 378 331 495 364 332],0.4212799406238107,0.37915194656142964,-2.71256840220434,0.56666266430642,1.258487749747839,0.12940326557860637,0.20485333996553415,"(-3.886, -2.71]"
2,8,0.6000000000000001,[345 388 361 378 302 343 319 324 329 395],0.38999446442926944,0.35099501798634253,-3.8548743762911273,0.6737251809917383,1.4991068326790198,0.2083534786034055,0.05897064957643597,"(-3.886, -2.71]"
2,8,0.8,[345 397 343 361 388 314 325 319 353 304],0.34534602358211425,0.3108114212239028,-4.2132360330282035,0.6971403451076164,1.7482365815774135,0.29882174734820915,0.05264026084281244,"(-4.939, -3.886]"
2,8,1.0,[345 397 343 361 388 314 325 353 304 393],0.3636603971346705,0.3272943574212035,-4.336776320363487,0.7039492107473118,2.0238079616759093,0.40261044946840885,0.044973564532791686,"(-4.939, -3.886]"
2,8,1.5,[345 397 361 343 366 310 325 389 393 383],0.2678611500904347,0.24107503508139125,-4.7016771691218375,0.7229955934101518,2.9625259923388083,0.7347670434821202,0.036628780719296664,"(-4.939, -3.886]"
2,8,2.0,[345 322 397 328 383 343 370 310 385 341],0.20585470692135097,0.18526923622921587,-5.321557912673787,0.7427583360289239,4.426256581191302,1.2061077456844507,0.031611545228749476,"(-5.957, -4.939]"
2,8,2.5,[345 322 397 328 310 385 370 371 375 341],0.16464789329662294,0.14818310396696066,-5.909221131659326,0.7552943300642152,6.62075717376146,1.8766747395291001,0.024806213826646845,"(-5.957, -4.939]"
2,8,3.0,[345 322 371 375 397 310 385 328 370 341],0.16601429301468185,0.14941286371321366,-5.909221131659326,0.7552943300642153,9.667214793488203,2.832232372564547,0.024806213826646842,"(-5.957, -4.939]"
2,8,4.0,[345 322 371 375 397 310 385 328 350 321],0.2320293137250397,0.20882638235253576,-6.413404000378529,0.7622210125646142,21.181956347281695,6.142009820731621,0.0227210680768214,"(-6.891, -6.413]"
2,8,6.0,[345 322 371 375 350 397 321 310 385 328],0.22154473909373057,0.1993902651843575,-6.413404000378529,0.7622210125646142,97.81495088634107,26.75467104247823,0.022721068076821397,"(-6.891, -6.413]"
2,8,8.0,[345 322 371 375 350 321 397 310 385 328],0.24094001985894092,0.21684601787304683,-6.413404000378529,0.7622210125646142,452.7667961664921,114.00676234577583,0.022721068076821397,"(-6.891, -6.413]"
2,8,10.0,[345 322 350 371 375 321 397 310 385 328],0.22103420215788336,0.19893078194209501,-6.413404000378527,0.7622210125646142,2100.9616240483383,488.8674303626077,0.0227210680768214,"(-6.413, -5.957]"
2,8,15.0,[345 350 322 375 371 321 397 310 385 344],0.16841122869566055,0.1515701058260945,-6.515868327629168,0.762638544838522,98992.55502185848,19838.545077598832,0.022321951430138924,"(-6.891, -6.413]"
2,8,20.0,[345 350 322 375 371 321 397 310 385 344],0.3122566932066327,0.2810310238859694,-6.515868327629168,0.762638544838522,4729173.122413683,889694.2480589929,0.022321951430138924,"(-6.891, -6.413]"
2,9,-3.0,[291  75 201 313 278 242 206 256 377 268],0.0,0.0,-2.941118671818515,-0.19301773000973735,1.7890695844411233,0.45905685678830016,0.0241616829472595,"(-3.886, -2.71]"
2,9,-2.5,[291  75 313 201 278 242 206 383 256  51],0.0,0.0,-2.596239508510471,-0.1867077961192018,1.600262585554906,0.4104978727021225,0.03316087596259779,"(-2.71, -2.195]"
2,9,-2.0,[291  75 313 201 278 242 312 206  51 256],0.0,0.0,-2.574931767907276,-0.18637801080280553,1.455004230727035,0.3579515565215261,0.03372716140629288,"(-2.71, -2.195]"
2,9,-1.5,[291  75 313 201 278 312 242  51 206 157],0.0,0.0,-1.9800362293888925,-0.16989365823831032,1.2945306710627094,0.2975079529795515,0.05506941654617882,"(-2.195, -1.743]"
2,9,-1.0,[291  75 313 201 157 383 278  51 242 206],0.0,0.0,-1.9957155858186457,-0.1702234435547066,1.1873157775679961,0.2235865210413929,0.05482367656103845,"(-2.195, -1.743]"
2,9,-0.8,[291  75 313 201 157 312 278  51 242 206],0.0,0.0,-1.9800362293888922,-0.16989365823831032,1.1466784899686797,0.18855986022090818,0.05506941654617882,"(-2.195, -1.743]"
2,9,-0.6000000000000001,[291  75 313 201 157 312  51 278 242 206],0.0019830978227192674,0.0017847880404473406,-1.9800362293888925,-0.16989365823831032,1.1079100027383617,0.1494925187614496,0.05506941654617882,"(-2.195, -1.743]"
2,9,-0.4,[291  75 313 157 201 312  51 175 278 340],0.0,0.0,-1.5768937933402345,-0.12499612402687552,1.0522387637571229,0.10563893044954684,0.10823395631689743,"(-1.743, -1.493]"
2,9,-0.19999999999999996,[291  75 313 157 268 175 383   9 414 230],0.09788589229735117,0.08809730306761605,-1.0655450289372086,-0.011179132141164456,1.0033884328294786,0.05613893847797808,0.24264905560400699,"(-1.493, -0.943]"
2,9,0.0,[116 338  23 479 230 246 355  60 137 121],0.2387742382714283,0.21489681444428546,-0.9431747774991455,0.10640178331837816,1.0,0.0,0.2517749950053139,"(-1.493, -0.943]"
2,9,0.19999999999999996,[479 105  12 342 273 432 490 483  43 190],0.5488662462917275,0.49397962166255477,-1.581220955103229,0.3637375088706948,1.0771621194399508,0.0639234594959821,0.2803778728194573,"(-1.743, -1.493]"
2,9,0.40000000000000013,[479 432 409 189 483  36 342 413 442 217],0.4691456543616984,0.4222310889255286,-2.1710970415047597,0.47319077095257844,1.216113869502952,0.13695401121597123,0.2849073484991213,"(-2.195, -1.743]"
2,9,0.6000000000000001,[479 409 432 483 470 442 448 403 413 490],0.30372470823902725,0.27335223741512454,-4.30194614037051,0.6950971043690071,1.5182798283898244,0.2206190509679336,0.05352185797562651,"(-4.939, -3.886]"
2,9,0.8,[479 423 489 442 403 413 490 448 495 483],0.37664125888750816,0.33897713299875737,-4.473067245516225,0.7052649627245174,1.7594255838757014,0.31668311936736715,0.04895625945370861,"(-4.939, -3.886]"
2,9,1.0,[479 481 454 448 403 490 484 471 426 415],0.3089699382607763,0.27807294443469865,-4.93831006802047,0.7283931447429274,2.074078813856361,0.42718544348740645,0.04723731184861299,"(-4.939, -3.886]"
2,9,1.5,[479 481 466 407 484 483 448 403 435 430],0.2633240256466902,0.2369916230820212,-5.259618553413087,0.7415224891898949,3.0475025295666844,0.7830021112304969,0.04241571126908127,"(-5.957, -4.939]"
2,9,2.0,[479 481 466 407 439 406 474 463 451 499],0.15786321827131844,0.1420768964441866,-6.194411215289738,0.7710621973780147,4.682199120384384,1.2930010541059407,0.028770322668041574,"(-6.413, -5.957]"
2,9,2.5,[479 481 451 439 475 443 419 441 400 436],0.21663505495971108,0.19497154946373998,-6.762121900222929,0.7845510814307479,7.113962028484922,2.0266621772236233,0.01468073415078341,"(-6.891, -6.413]"
2,9,3.0,[479 481 451 439 475 443 419 441 400 436],0.16246181722108446,0.146215635498976,-6.762121900222929,0.7845510814307479,10.534305799176057,3.0843264845072826,0.01468073415078341,"(-6.891, -6.413]"
2,9,4.0,[479 481 451 439 475 443 419 441 436 400],0.16819330457863657,0.15137397412077291,-6.762121900222929,0.7845510814307479,23.10298650705049,6.817257148559719,0.014680734150783407,"(-6.891, -6.413]"
2,9,6.0,[479 481 451 439 475 443 419 441 436 463],0.1648326264350773,0.14834936379156957,-6.855458087835374,0.7856423411749578,111.85269451766446,30.998153998878166,0.013338068033560704,"(-6.891, -6.413]"
2,9,8.0,[479 481 451 439 475 443 419 436 441 463],0.16546323069206675,0.14891690762286008,-6.855458087835374,0.7856423411749578,539.7644125222447,138.11152838516483,0.013338068033560704,"(-6.891, -6.413]"
2,9,10.0,[479 481 451 439 475 443 419 436 441 463],0.20254028050631565,0.18228625245568408,-6.855458087835374,0.7856423411749578,2606.879527783111,618.3535596605997,0.013338068033560704,"(-6.891, -6.413]"
2,9,15.0,[479 481 451 439 475 443 436 419 441 463],0.14552324457636348,0.13097092011872713,-6.855458087835374,0.7856423411749578,134142.85217963677,27479.50907578085,0.013338068033560704,"(-6.891, -6.413]"
2,9,20.0,[479 481 451 439 475 443 436 419 441 408],0.03959984940006149,0.03563986446005534,-7.015016243673304,0.7861449088609025,6997979.334184954,1301230.0527952588,0.012953288555229198,"(-7.3950000000000005, -6.891]"
